Component	Property	XmlTag	MinOccurs	MaxOccurs	CSharpType	Status
ATMCustomer1	Authentication	Authntcn	1	*	ValueList<CardholderAuthentication8>	ProvisionallyRegistered
ATMCustomer3	AuthenticationResult	AuthntcnRslt	1	*	ValueList<TransactionVerificationResult5>	ProvisionallyRegistered
ATMCustomer4	Authentication	Authntcn	1	*	ValueList<CardholderAuthentication8>	ProvisionallyRegistered
ATMCustomer6	AuthenticationResult	AuthntcnRslt	1	*	ValueList<TransactionVerificationResult5>	ProvisionallyRegistered
ATMCustomer7	AuthenticationResult	AuthntcnRslt	1	*	ValueList<TransactionVerificationResult5>	ProvisionallyRegistered
ATMCustomer8	Authentication	Authntcn	1	*	ValueList<CardholderAuthentication8>	ProvisionallyRegistered
ATMDepositedMedia1	MediaItems	MdiaItms	1	*	ValueList<ATMDepositedMedia2>	ProvisionallyRegistered
ATMDepositedMedia3	MediaItems	MdiaItms	1	*	ValueList<ATMDepositedMedia2>	ProvisionallyRegistered
ATMDepositedMedia4	MediaItem	MdiaItm	1	*	ValueList<ATMDepositedMediaItem1>	ProvisionallyRegistered
ATMTransaction27	Exception	Xcptn	1	*	SimpleValueList<FailureReason8Code>	ProvisionallyRegistered
ATMTransaction40	Exception	Xcptn	1	*	ValueList<FailureReason8Code>	ProvisionallyRegistered
ATMTransaction44	TotalAuthorisedAmount	TtlAuthrsdAmt	1	*	ValueList<AmountAndCurrency1>	ProvisionallyRegistered
ATMTransaction51	TotalAuthorisedAmount	TtlAuthrsdAmt	1	*	ValueList<ImpliedCurrencyAndAmount>	ProvisionallyRegistered
ATMTransaction51	TotalDepositedAmount	TtlDpstdAmt	1	*	ValueList<AmountAndCurrency1>	ProvisionallyRegistered
AcceptorConfiguration1	DataSet	DataSet	1	*	ValueList<TerminalManagementDataSet3>	ProvisionallyRegistered
AcceptorConfiguration10	DataSet	DataSet	1	*	ValueList<AcceptorConfigurationDataSet2>	ProvisionallyRegistered
AcceptorConfiguration11	DataSet	DataSet	1	*	ValueList<AcceptorConfigurationDataSet3>	ProvisionallyRegistered
AcceptorConfiguration12	DataSet	DataSet	1	*	ValueList<AcceptorConfigurationDataSet4>	ProvisionallyRegistered
AcceptorConfiguration13	DataSet	DataSet	1	*	ValueList<AcceptorConfigurationDataSet5>	ProvisionallyRegistered
AcceptorConfiguration14	DataSet	DataSet	1	*	ValueList<AcceptorConfigurationDataSet6>	ProvisionallyRegistered
AcceptorConfiguration15	DataSet	DataSet	1	*	ValueList<AcceptorConfigurationDataSet7>	ProvisionallyRegistered
AcceptorConfiguration2	DataSet	DataSet	1	*	ValueList<TerminalManagementDataSet6>	ProvisionallyRegistered
AcceptorConfiguration3	DataSet	DataSet	1	*	ValueList<TerminalManagementDataSet11>	ProvisionallyRegistered
AcceptorConfiguration4	DataSet	DataSet	1	*	ValueList<TerminalManagementDataSet14>	ProvisionallyRegistered
AcceptorConfiguration5	DataSet	DataSet	1	*	ValueList<TerminalManagementDataSet19>	ProvisionallyRegistered
AcceptorConfiguration6	DataSet	DataSet	1	*	ValueList<TerminalManagementDataSet20>	ProvisionallyRegistered
AcceptorConfiguration7	DataSet	DataSet	1	*	ValueList<TerminalManagementDataSet23>	ProvisionallyRegistered
AcceptorConfiguration8	DataSet	DataSet	1	*	ValueList<TerminalManagementDataSet27>	ProvisionallyRegistered
AcceptorConfiguration9	DataSet	DataSet	1	*	ValueList<AcceptorConfigurationDataSet1>	ProvisionallyRegistered
AccountAndParties1	AuthorityRequestType	AuthrtyReqTp	1	*	ValueList<AuthorityRequestType1>	ProvisionallyRegistered
AccountAndParties2	Role	Role	1	*	ValueList<AccountRole1>	ProvisionallyRegistered
AccountAndParties3	AuthorityRequestType	AuthrtyReqTp	1	*	ValueList<AuthorityRequestType1>	ProvisionallyRegistered
AccountBalance3	Balance	Bal	1	*	ValueList<Balance29>	ProvisionallyRegistered
AccountBalance4	Balance	Bal	1	*	ValueList<CardAccountBalance1>	ProvisionallyRegistered
AccountNotification10	Item	Itm	1	*	ValueList<NotificationItem5>	ProvisionallyRegistered
AccountNotification13	Item	Itm	1	*	ValueList<NotificationItem6>	ProvisionallyRegistered
AccountNotification16	Item	Itm	1	*	ValueList<NotificationItem7>	ProvisionallyRegistered
AccountNotification18	Item	Itm	1	*	ValueList<NotificationItem8>	ProvisionallyRegistered
AccountNotification23	Item	Itm	1	*	ValueList<NotificationItem9>	ProvisionallyRegistered
AccountNotification26	Item	Itm	1	*	ValueList<NotificationItem10>	ProvisionallyRegistered
AccountNotification4	Item	Itm	1	*	ValueList<NotificationItem3>	ProvisionallyRegistered
AccountNotification6	Item	Itm	1	*	ValueList<NotificationItem4>	ProvisionallyRegistered
AccountParties5	JointOwner	JntOwnr	1	5	ValueList<InvestmentAccountOwnershipInformation5>	ProvisionallyRegistered
AccountParties5	Trustee	Trstee	1	5	ValueList<InvestmentAccountOwnershipInformation5>	ProvisionallyRegistered
AccountStatement1	Balance	Bal	1	*	ValueList<CashBalance2>	ProvisionallyRegistered
AccountStatement10	Balance	Bal	1	*	ValueList<CashBalance8>	ProvisionallyRegistered
AccountStatement11	Balance	Bal	1	*	ValueList<CashBalance8>	ProvisionallyRegistered
AccountStatement12	Balance	Bal	1	*	ValueList<CashBalance8>	ProvisionallyRegistered
AccountStatement13	Balance	Bal	1	*	ValueList<CashBalance8>	ProvisionallyRegistered
AccountStatement14	Balance	Bal	1	*	ValueList<CashBalance8>	ProvisionallyRegistered
AccountStatement15	Balance	Bal	1	*	ValueList<CashBalance8>	ProvisionallyRegistered
AccountStatement2	Balance	Bal	1	*	ValueList<CashBalance3>	ProvisionallyRegistered
AccountStatement3	Balance	Bal	1	*	ValueList<CashBalance3>	ProvisionallyRegistered
AccountStatement4	Balance	Bal	1	*	ValueList<CashBalance3>	ProvisionallyRegistered
AccountStatement5	Balance	Bal	1	*	ValueList<CashBalance3>	ProvisionallyRegistered
AccountStatement6	Balance	Bal	1	*	ValueList<CashBalance7>	ProvisionallyRegistered
AccountStatement8	Balance	Bal	1	*	ValueList<CashBalance8>	ProvisionallyRegistered
AccountStatement9	Balance	Bal	1	*	ValueList<CashBalance8>	ProvisionallyRegistered
AccountSubLevel20	ShareholdingBalance	ShrhldgBal	1	*	ValueList<ShareholdingBalance1>	ProvisionallyRegistered
AccountSubLevel23	ShareholdingBalance	ShrhldgBal	1	*	ValueList<ShareholdingBalance1>	ProvisionallyRegistered
AccountSubLevel25	ShareholdingBalance	ShrhldgBal	1	*	ValueList<ShareholdingBalance1>	ProvisionallyRegistered
AcquirerHostConfiguration1	MessageToSend	MsgToSnd	1	*	SimpleValueList<MessageFunction3Code>	ProvisionallyRegistered
AcquirerProtocolParameters1	AcquirerIdentification	AcqrrId	1	*	ValueList<GenericIdentification32>	ProvisionallyRegistered
AcquirerProtocolParameters10	AcquirerIdentification	AcqrrId	1	*	ValueList<GenericIdentification53>	ProvisionallyRegistered
AcquirerProtocolParameters11	AcquirerIdentification	AcqrrId	1	*	ValueList<GenericIdentification53>	ProvisionallyRegistered
AcquirerProtocolParameters12	AcquirerIdentification	AcqrrId	1	*	ValueList<GenericIdentification53>	ProvisionallyRegistered
AcquirerProtocolParameters13	AcquirerIdentification	AcqrrId	1	*	ValueList<GenericIdentification176>	ProvisionallyRegistered
AcquirerProtocolParameters14	AcquirerIdentification	AcqrrId	1	*	ValueList<GenericIdentification176>	ProvisionallyRegistered
AcquirerProtocolParameters15	AcquirerIdentification	AcqrrId	1	*	ValueList<GenericIdentification176>	ProvisionallyRegistered
AcquirerProtocolParameters16	AcquirerIdentification	AcqrrId	1	*	ValueList<GenericIdentification176>	ProvisionallyRegistered
AcquirerProtocolParameters17	AcquirerIdentification	AcqrrId	1	*	ValueList<GenericIdentification176>	ProvisionallyRegistered
AcquirerProtocolParameters18	AcquirerIdentification	AcqrrId	1	*	ValueList<GenericIdentification176>	ProvisionallyRegistered
AcquirerProtocolParameters3	AcquirerIdentification	AcqrrId	1	*	ValueList<GenericIdentification32>	ProvisionallyRegistered
AcquirerProtocolParameters6	AcquirerIdentification	AcqrrId	1	*	ValueList<GenericIdentification32>	ProvisionallyRegistered
AcquirerProtocolParameters7	AcquirerIdentification	AcqrrId	1	*	ValueList<GenericIdentification53>	ProvisionallyRegistered
AcquirerProtocolParameters9	AcquirerIdentification	AcqrrId	1	*	ValueList<GenericIdentification53>	ProvisionallyRegistered
ActivityReportItems2	ReportedItem	RptdItm	1	*	ValueList<ActivityDetails1>	ProvisionallyRegistered
ActivityReportItems3	ReportedEntity	RptdNtty	1	*	ValueList<BICIdentification1>	ProvisionallyRegistered
ActivityReportItems3	ReportedItem	RptdItm	1	*	ValueList<ActivityDetails1>	ProvisionallyRegistered
AdditionalInformation5	Information	Inf	1	*	SimpleValueList<string>	ProvisionallyRegistered
AggregateBalanceInformation13	PriceDetails	PricDtls	1	*	ValueList<PriceInformation5>	ProvisionallyRegistered
AggregateBalanceInformation17	PriceDetails	PricDtls	1	*	ValueList<PriceInformation5>	ProvisionallyRegistered
AggregateBalanceInformation2	HoldingValue	HldgVal	1	*	ValueList<ActiveOrHistoricCurrencyAndAmount>	ProvisionallyRegistered
AggregateBalanceInformation2	PriceDetails	PricDtls	1	*	ValueList<PriceInformation1>	ProvisionallyRegistered
AggregateBalanceInformation22	PriceDetails	PricDtls	1	*	ValueList<PriceInformation5>	ProvisionallyRegistered
AggregateBalanceInformation26	PriceDetails	PricDtls	1	*	ValueList<PriceInformation5>	ProvisionallyRegistered
AggregateBalanceInformation3	HoldingValue	HldgVal	1	*	ValueList<ActiveOrHistoricCurrencyAndAmount>	ProvisionallyRegistered
AggregateBalanceInformation3	PriceDetails	PricDtls	1	*	ValueList<PriceInformation2>	ProvisionallyRegistered
AggregateBalanceInformation31	PriceDetails	PricDtls	1	*	ValueList<PriceInformation12>	ProvisionallyRegistered
AggregateBalanceInformation32	PriceDetails	PricDtls	1	*	ValueList<PriceInformation14>	ProvisionallyRegistered
AggregateBalanceInformation37	PriceDetails	PricDtls	1	*	ValueList<PriceInformation20>	ProvisionallyRegistered
AggregateBalanceInformation38	PriceDetails	PricDtls	1	*	ValueList<PriceInformation22>	ProvisionallyRegistered
AggregateBalanceInformation40	PriceDetails	PricDtls	1	*	ValueList<PriceInformation20>	ProvisionallyRegistered
AggregateBalanceInformation43	PriceDetails	PricDtls	1	*	ValueList<PriceInformation22>	ProvisionallyRegistered
AggregateBalanceInformation45	PriceDetails	PricDtls	1	*	ValueList<PriceInformation29>	ProvisionallyRegistered
AggregateBalanceInformation8	PriceDetails	PricDtls	1	*	ValueList<PriceInformation5>	ProvisionallyRegistered
AggregateBalancePerSafekeepingPlace12	PriceDetails	PricDtls	1	*	ValueList<PriceInformation5>	ProvisionallyRegistered
AggregateBalancePerSafekeepingPlace16	PriceDetails	PricDtls	1	*	ValueList<PriceInformation5>	ProvisionallyRegistered
AggregateBalancePerSafekeepingPlace2	HoldingValue	HldgVal	1	*	ValueList<ActiveOrHistoricCurrencyAndAmount>	ProvisionallyRegistered
AggregateBalancePerSafekeepingPlace2	PriceDetails	PricDtls	1	*	ValueList<PriceInformation1>	ProvisionallyRegistered
AggregateBalancePerSafekeepingPlace21	PriceDetails	PricDtls	1	*	ValueList<PriceInformation5>	ProvisionallyRegistered
AggregateBalancePerSafekeepingPlace25	PriceDetails	PricDtls	1	*	ValueList<PriceInformation5>	ProvisionallyRegistered
AggregateBalancePerSafekeepingPlace29	PriceDetails	PricDtls	1	*	ValueList<PriceInformation12>	ProvisionallyRegistered
AggregateBalancePerSafekeepingPlace30	PriceDetails	PricDtls	1	*	ValueList<PriceInformation14>	ProvisionallyRegistered
AggregateBalancePerSafekeepingPlace34	PriceDetails	PricDtls	1	*	ValueList<PriceInformation20>	ProvisionallyRegistered
AggregateBalancePerSafekeepingPlace35	PriceDetails	PricDtls	1	*	ValueList<PriceInformation22>	ProvisionallyRegistered
AggregateBalancePerSafekeepingPlace37	PriceDetails	PricDtls	1	*	ValueList<PriceInformation20>	ProvisionallyRegistered
AggregateBalancePerSafekeepingPlace4	HoldingValue	HldgVal	1	*	ValueList<ActiveOrHistoricCurrencyAndAmount>	ProvisionallyRegistered
AggregateBalancePerSafekeepingPlace4	PriceDetails	PricDtls	1	*	ValueList<PriceInformation2>	ProvisionallyRegistered
AggregateBalancePerSafekeepingPlace40	PriceDetails	PricDtls	1	*	ValueList<PriceInformation22>	ProvisionallyRegistered
AggregateBalancePerSafekeepingPlace42	PriceDetails	PricDtls	1	*	ValueList<PriceInformation29>	ProvisionallyRegistered
AggregateBalancePerSafekeepingPlace7	PriceDetails	PricDtls	1	*	ValueList<PriceInformation5>	ProvisionallyRegistered
AggregateHoldingBalance1	BalanceForFinancialInstrument	BalForFinInstrm	1	*	ValueList<FinancialInstrumentAggregateBalance1>	ProvisionallyRegistered
AggregateHoldingBalance2	BalanceForFinancialInstrument	BalForFinInstrm	1	*	ValueList<FinancialInstrumentAggregateBalance1>	ProvisionallyRegistered
AggregateHoldingBalance3	BalanceForAccount	BalForAcct	1	*	ValueList<AggregateHoldingBalance1>	ProvisionallyRegistered
AmountAndTrigger1	Trigger	Trggr	1	*	ValueList<Trigger1>	ProvisionallyRegistered
AncillaryPurchase1	Tax	Tax	1	*	ValueList<Tax33>	ProvisionallyRegistered
AuthenticatedData1	Recipient	Rcpt	1	*	ValueList<Recipient1Choice_>	ProvisionallyRegistered
AuthenticatedData10	Recipient	Rcpt	1	*	ValueList<Recipient15Choice_>	ProvisionallyRegistered
AuthenticatedData2	Recipient	Rcpt	1	*	ValueList<Recipient2Choice_>	ProvisionallyRegistered
AuthenticatedData3	Recipient	Rcpt	1	*	ValueList<Recipient3Choice_>	ProvisionallyRegistered
AuthenticatedData4	Recipient	Rcpt	1	*	ValueList<Recipient4Choice_>	ProvisionallyRegistered
AuthenticatedData5	Recipient	Rcpt	1	*	ValueList<Recipient6Choice_>	ProvisionallyRegistered
AuthenticatedData6	Recipient	Rcpt	1	*	ValueList<Recipient8Choice_>	ProvisionallyRegistered
AuthenticatedData7	Recipient	Rcpt	1	*	ValueList<Recipient10Choice_>	ProvisionallyRegistered
AuthenticatedData8	Recipient	Rcpt	1	*	ValueList<Recipient11Choice_>	ProvisionallyRegistered
AuthenticatedData9	Recipient	Rcpt	1	*	ValueList<Recipient14Choice_>	ProvisionallyRegistered
AutomaticVariation1	AmountAndTrigger	AmtAndTrggr	1	*	ValueList<AmountAndTrigger1>	ProvisionallyRegistered
AvailableFinancialResourcesAmount1	CCPSkinInTheGame	CCPSkinInTheGame	1	*	ValueList<ReportingAssetBreakdown1>	ProvisionallyRegistered
AvailableFinancialResourcesAmount2	CCPSkinInTheGame	CCPSkinInTheGame	1	*	ValueList<ReportingAssetBreakdown2>	ProvisionallyRegistered
Baseline3	PaymentTerms	PmtTerms	1	*	ValueList<PaymentTerms1>	ProvisionallyRegistered
Baseline4	PaymentTerms	PmtTerms	1	*	ValueList<PaymentTerms5>	ProvisionallyRegistered
Baseline5	PaymentTerms	PmtTerms	1	*	ValueList<PaymentTerms5>	ProvisionallyRegistered
BillingMethod1	TaxIdentification	TaxId	1	3	ValueList<BillingServicesTax1>	ProvisionallyRegistered
BillingMethod2	TaxIdentification	TaxId	1	3	ValueList<BillingServicesTax1>	ProvisionallyRegistered
BillingMethod3	TaxIdentification	TaxId	1	3	ValueList<BillingServicesTax2>	ProvisionallyRegistered
BillingMethod4	ServiceDetail	SvcDtl	1	*	ValueList<BillingServiceParameters2>	ProvisionallyRegistered
Blocked1	OrderType	OrdrTp	1	*	ValueList<FundOrderType1Choice_>	ProvisionallyRegistered
Blocked2	OrderType	OrdrTp	1	*	ValueList<OrderType2Choice_>	ProvisionallyRegistered
BusinessDay6	SystemIdentification	SysId	1	*	ValueList<SystemIdentification2Choice_>	ProvisionallyRegistered
BusinessDay8	SystemIdentification	SysId	1	*	ValueList<SystemIdentification2Choice_>	ProvisionallyRegistered
BusinessError4	BusinessError	BizErr	1	*	ValueList<ErrorHandling5>	ProvisionallyRegistered
BusinessLetter1	AuthorisationUser	AuthstnUsr	1	*	ValueList<QualifiedPartyIdentification1>	ProvisionallyRegistered
BusinessLetter1	PrimaryRecipient	PmryRcpt	1	*	ValueList<QualifiedPartyIdentification1>	ProvisionallyRegistered
BusinessPayload1	BusinessContent	BizCntt	1	*	SimpleValueList<IsoLaxPayload>	ProvisionallyRegistered
CardPaymentDataSet1	TransactionTotals	TxTtls	1	*	ValueList<TransactionTotals1>	ProvisionallyRegistered
CardPaymentDataSet10	Transaction	Tx	1	*	ValueList<CardPaymentDataSetTransaction3Choice_>	ProvisionallyRegistered
CardPaymentDataSet10	TransactionTotals	TxTtls	1	*	ValueList<TransactionTotals3>	ProvisionallyRegistered
CardPaymentDataSet12	TransactionTotals	TxTtls	1	*	ValueList<TransactionTotals3>	ProvisionallyRegistered
CardPaymentDataSet13	Transaction	Tx	1	*	ValueList<CardPaymentDataSetTransaction4Choice_>	ProvisionallyRegistered
CardPaymentDataSet13	TransactionTotals	TxTtls	1	*	ValueList<TransactionTotals7>	ProvisionallyRegistered
CardPaymentDataSet14	TransactionTotals	TxTtls	1	*	ValueList<TransactionTotals7>	ProvisionallyRegistered
CardPaymentDataSet16	Transaction	Tx	1	*	ValueList<CardPaymentDataSetTransaction5Choice_>	ProvisionallyRegistered
CardPaymentDataSet16	TransactionTotals	TxTtls	1	*	ValueList<TransactionTotals7>	ProvisionallyRegistered
CardPaymentDataSet18	TransactionTotals	TxTtls	1	*	ValueList<TransactionTotals7>	ProvisionallyRegistered
CardPaymentDataSet19	Transaction	Tx	1	*	ValueList<CardPaymentDataSetTransaction6Choice_>	ProvisionallyRegistered
CardPaymentDataSet19	TransactionTotals	TxTtls	1	*	ValueList<TransactionTotals7>	ProvisionallyRegistered
CardPaymentDataSet2	TransactionTotals	TxTtls	1	*	ValueList<TransactionTotals1>	ProvisionallyRegistered
CardPaymentDataSet21	TransactionTotals	TxTtls	1	*	ValueList<TransactionTotals7>	ProvisionallyRegistered
CardPaymentDataSet22	Transaction	Tx	1	*	ValueList<CardPaymentDataSetTransaction7Choice_>	ProvisionallyRegistered
CardPaymentDataSet22	TransactionTotals	TxTtls	1	*	ValueList<TransactionTotals7>	ProvisionallyRegistered
CardPaymentDataSet23	Transaction	Tx	1	*	ValueList<CardPaymentDataSetTransaction8Choice_>	ProvisionallyRegistered
CardPaymentDataSet23	TransactionTotals	TxTtls	1	*	ValueList<TransactionTotals7>	ProvisionallyRegistered
CardPaymentDataSet24	TransactionTotals	TxTtls	1	*	ValueList<TransactionTotals7>	ProvisionallyRegistered
CardPaymentDataSet26	Transaction	Tx	1	*	ValueList<CardPaymentDataSetTransaction9Choice_>	ProvisionallyRegistered
CardPaymentDataSet26	TransactionTotals	TxTtls	1	*	ValueList<TransactionTotals12>	ProvisionallyRegistered
CardPaymentDataSet27	TransactionTotals	TxTtls	1	*	ValueList<TransactionTotals12>	ProvisionallyRegistered
CardPaymentDataSet29	Transaction	Tx	1	*	ValueList<CardPaymentDataSetTransaction10Choice_>	ProvisionallyRegistered
CardPaymentDataSet29	TransactionTotals	TxTtls	1	*	ValueList<TransactionTotals12>	ProvisionallyRegistered
CardPaymentDataSet31	TransactionTotals	TxTtls	1	*	ValueList<TransactionTotals12>	ProvisionallyRegistered
CardPaymentDataSet33	TransactionTotals	TxTtls	1	*	ValueList<TransactionTotals12>	ProvisionallyRegistered
CardPaymentDataSet34	Transaction	Tx	1	*	ValueList<CardPaymentDataSetTransaction11Choice_>	ProvisionallyRegistered
CardPaymentDataSet34	TransactionTotals	TxTtls	1	*	ValueList<TransactionTotals12>	ProvisionallyRegistered
CardPaymentDataSet36	TransactionTotals	TxTtls	1	*	ValueList<TransactionTotals12>	ProvisionallyRegistered
CardPaymentDataSet37	Transaction	Tx	1	*	ValueList<CardPaymentDataSetTransaction12Choice_>	ProvisionallyRegistered
CardPaymentDataSet37	TransactionTotals	TxTtls	1	*	ValueList<TransactionTotals12>	ProvisionallyRegistered
CardPaymentDataSet39	TransactionTotals	TxTtls	1	*	ValueList<TransactionTotals12>	ProvisionallyRegistered
CardPaymentDataSet4	Transaction	Tx	1	*	ValueList<CardPaymentDataSetTransaction1Choice_>	ProvisionallyRegistered
CardPaymentDataSet4	TransactionTotals	TxTtls	1	*	ValueList<TransactionTotals2>	ProvisionallyRegistered
CardPaymentDataSet40	Transaction	Tx	1	*	ValueList<CardPaymentDataSetTransaction13Choice_>	ProvisionallyRegistered
CardPaymentDataSet40	TransactionTotals	TxTtls	1	*	ValueList<TransactionTotals12>	ProvisionallyRegistered
CardPaymentDataSet42	TransactionTotals	TxTtls	1	*	ValueList<TransactionTotals12>	ProvisionallyRegistered
CardPaymentDataSet43	Transaction	Tx	1	*	ValueList<CardPaymentDataSetTransaction14Choice_>	ProvisionallyRegistered
CardPaymentDataSet43	TransactionTotals	TxTtls	1	*	ValueList<TransactionTotals12>	ProvisionallyRegistered
CardPaymentDataSet5	TransactionTotals	TxTtls	1	*	ValueList<TransactionTotals2>	ProvisionallyRegistered
CardPaymentDataSet7	Transaction	Tx	1	*	ValueList<CardPaymentDataSetTransaction2Choice_>	ProvisionallyRegistered
CardPaymentDataSet7	TransactionTotals	TxTtls	1	*	ValueList<TransactionTotals2>	ProvisionallyRegistered
CardPaymentDataSet9	TransactionTotals	TxTtls	1	*	ValueList<TransactionTotals2>	ProvisionallyRegistered
CardProgrammeMode2	Identification	Id	1	*	SimpleValueList<string>	ProvisionallyRegistered
CardTransactionDetail5	MessageReason	MsgRsn	1	*	SimpleValueList<MessageReason1Code>	ProvisionallyRegistered
CashMovement1	AccountDetails	AcctDtls	1	2	ValueList<CashAccount18>	ProvisionallyRegistered
CashMovement2	AccountDetails	AcctDtls	1	2	ValueList<CashAccount19>	ProvisionallyRegistered
CashMovement3	AccountDetails	AcctDtls	1	2	ValueList<CashAccount18>	ProvisionallyRegistered
CashProceeds1	AccountDetails	AcctDtls	1	2	ValueList<CashAccount19>	ProvisionallyRegistered
CashReuseData1	ReinvestedCash	RinvstdCsh	1	*	ValueList<ReinvestedCashTypeAndAmount1>	ProvisionallyRegistered
CashSortingCriterion1	ForecastBreakdownDetails	FcstBrkdwnDtls	1	*	ValueList<ForecastParameter1>	ProvisionallyRegistered
CashSortingCriterion2	ForecastBreakdownDetails	FcstBrkdwnDtls	1	*	ValueList<ForecastParameter2>	ProvisionallyRegistered
CertificateIssuer1	RelativeDistinguishedName	RltvDstngshdNm	1	*	ValueList<RelativeDistinguishedName1>	ProvisionallyRegistered
CertificationRequest2	Attribute	Attr	1	*	ValueList<RelativeDistinguishedName2>	ProvisionallyRegistered
ChargesPerTransaction3	Record	Rcrd	1	*	ValueList<ChargesPerTransactionRecord3>	ProvisionallyRegistered
ChargesPerTransaction4	Record	Rcrd	1	*	ValueList<ChargesPerTransactionRecord4>	ProvisionallyRegistered
ChargesPerTransaction5	Record	Rcrd	1	*	ValueList<ChargesPerTransactionRecord5>	ProvisionallyRegistered
ChargesPerTransaction6	Record	Rcrd	1	*	ValueList<ChargesPerTransactionRecord6>	ProvisionallyRegistered
ChargesPerTransactionRecord3	ChargesBreakdown	ChrgsBrkdwn	1	*	ValueList<ChargesBreakdown1>	ProvisionallyRegistered
ChargesPerTransactionRecord4	ChargesBreakdown	ChrgsBrkdwn	1	*	ValueList<ChargesBreakdown1>	ProvisionallyRegistered
ChargesPerTransactionRecord5	ChargesBreakdown	ChrgsBrkdwn	1	*	ValueList<ChargesBreakdown1>	ProvisionallyRegistered
ChargesPerTransactionRecord6	ChargesBreakdown	ChrgsBrkdwn	1	*	ValueList<ChargesBreakdown1>	ProvisionallyRegistered
ChargesPerType3	Record	Rcrd	1	*	ValueList<ChargesPerTypeRecord3>	ProvisionallyRegistered
ChargesPerType4	Record	Rcrd	1	*	ValueList<ChargesPerTypeRecord4>	ProvisionallyRegistered
ChargesPerType5	Record	Rcrd	1	*	ValueList<ChargesPerTypeRecord5>	ProvisionallyRegistered
ChargesPerType6	Record	Rcrd	1	*	ValueList<ChargesPerTypeRecord6>	ProvisionallyRegistered
ChargesRecord4	UnderlyingTransaction	UndrlygTx	1	*	ValueList<TransactionReferences7>	ProvisionallyRegistered
ChargesRecord5	UnderlyingTransaction	UndrlygTx	1	*	ValueList<TransactionReferences7>	ProvisionallyRegistered
ClassificationType4	LegalFramework	LglFrmwk	1	*	ValueList<ExternalLegalFramework1Code>	ProvisionallyRegistered
ClearedProduct1	TradingVenue	TradgVn	1	*	SimpleValueList<string>	ProvisionallyRegistered
ClearedProduct2	TradingVenue	TradgVn	1	*	ValueList<IsoMICIdentifier>	ProvisionallyRegistered
ClearedProduct3	TradingVenue	TradgVn	1	*	SimpleValueList<IsoMICIdentifier>	ProvisionallyRegistered
Clearing3	ClearingMember	ClrMmb	1	*	ValueList<PartyIdentificationAndAccount78>	ProvisionallyRegistered
Clearing5	ClearingMember	ClrMmb	1	*	ValueList<PartyIdentificationAndAccount149>	ProvisionallyRegistered
Clearing6	ClearingMember	ClrMmb	1	*	ValueList<PartyIdentificationAndAccount219>	ProvisionallyRegistered
ClearingAccount1	CollateralAccountOwner	CollAcctOwnr	1	*	ValueList<CollateralAccount5>	ProvisionallyRegistered
ClearingMember1	ClearingAccountOwner	ClrAcctOwnr	1	*	ValueList<ClearingAccount1>	ProvisionallyRegistered
CloseLink5	SecurityIdentification	SctyId	1	*	ValueList<SecurityIdentification19>	ProvisionallyRegistered
CollateralAccount4	AssetHolding	AsstHldg	1	*	ValueList<AssetHolding1>	ProvisionallyRegistered
CollateralAccount5	RelatedMarginAccount	RltdMrgnAcct	1	*	ValueList<MarginAccount1>	ProvisionallyRegistered
CommercialDataSet3	Goods	Goods	1	*	ValueList<LineItem9>	ProvisionallyRegistered
CommercialDataSet3	PaymentTerms	PmtTerms	1	*	ValueList<PaymentTerms1>	ProvisionallyRegistered
CommercialDataSet4	Goods	Goods	1	*	ValueList<LineItem12>	ProvisionallyRegistered
CommercialDataSet4	PaymentTerms	PmtTerms	1	*	ValueList<PaymentTerms4>	ProvisionallyRegistered
CommercialDataSet5	Goods	Goods	1	*	ValueList<LineItem15>	ProvisionallyRegistered
CommercialDataSet5	PaymentTerms	PmtTerms	1	*	ValueList<PaymentTerms4>	ProvisionallyRegistered
CommunicationCharacteristics2	RemoteParty	RmotPty	1	*	SimpleValueList<PartyType7Code>	ProvisionallyRegistered
CommunicationCharacteristics3	RemoteParty	RmotPty	1	*	SimpleValueList<PartyType7Code>	ProvisionallyRegistered
CommunicationCharacteristics4	RemoteParty	RmotPty	1	*	SimpleValueList<PartyType7Code>	ProvisionallyRegistered
CommunicationCharacteristics5	RemoteParty	RmotPty	1	*	SimpleValueList<PartyType7Code>	ProvisionallyRegistered
ConcentrationAgent1	Account	Acct	1	*	ValueList<ConcentrationAccount1>	ProvisionallyRegistered
ConditionallyAcceptedStatus2	ReasonDetails	RsnDtls	1	5	ValueList<ConditionallyAcceptedStatusReason2>	ProvisionallyRegistered
ConditionallyAcceptedStatusReason1	Structured	Strd	1	4	SimpleValueList<ConditionallyAcceptedStatusReason1Code>	ProvisionallyRegistered
ContractRegistration1	ContractRegistrationOpening	CtrctRegnOpng	1	*	ValueList<ContractRegistration2>	ProvisionallyRegistered
ContractRegistration3	ContractRegistrationOpening	CtrctRegnOpng	1	*	ValueList<ContractRegistration4>	ProvisionallyRegistered
ContractRegistration5	ContractRegistrationOpening	CtrctRegnOpng	1	*	ValueList<ContractRegistration6>	ProvisionallyRegistered
ContractRegistration7	ContractRegistrationOpening	CtrctRegnOpng	1	*	ValueList<ContractRegistration8>	ProvisionallyRegistered
CorporateActionAmendmentRejectionStatus1	Reason	Rsn	1	*	ValueList<RejectionReason8FormatChoice_>	ProvisionallyRegistered
CorporateActionCancellationRejectionStatus1	Reason	Rsn	1	*	ValueList<RejectionReason9FormatChoice_>	ProvisionallyRegistered
CorporateActionCashMovements2	AccountDetails	AcctDtls	1	2	ValueList<CashAccount19>	ProvisionallyRegistered
CorporateActionDeactivationCancellationRejectionStatus1	Reason	Rsn	1	*	ValueList<RejectionReason7FormatChoice_>	ProvisionallyRegistered
CorporateActionDeactivationInstructionRejectionStatus1	Reason	Rsn	1	*	ValueList<RejectionReason12FormatChoice_>	ProvisionallyRegistered
CorporateActionGeneralInformation172	UnderlyingSecurity	UndrlygScty	1	*	ValueList<FinancialInstrumentAttributes126>	ProvisionallyRegistered
CorporateActionGeneralInformation196	UnderlyingSecurity	UndrlygScty	1	*	ValueList<FinancialInstrumentAttributes126>	ProvisionallyRegistered
CorporateActionInformationRejectedStatus1	Reason	Rsn	1	*	ValueList<RejectionReason15FormatChoice_>	ProvisionallyRegistered
CorporateActionInstructionRejectionStatus1	Reason	Rsn	1	*	ValueList<RejectionReason18FormatChoice_>	ProvisionallyRegistered
CorporateActionMovementFailedStatus1	ResourceDetails	RsrcDtls	1	*	ValueList<FailedMovement1>	ProvisionallyRegistered
CorporateActionMovementRejectionStatus1	Reason	Rsn	1	*	ValueList<RejectionReason13FormatChoice_>	ProvisionallyRegistered
CorporateActionMovementRejectionStatus2	Reason	Rsn	1	*	ValueList<RejectionReason14FormatChoice_>	ProvisionallyRegistered
CorporateActionOptionStatement1	BuyerProtectionInstructionDetails	BuyrPrtcnInstrDtls	1	*	ValueList<BuyerProtectionInstructionDetails1>	ProvisionallyRegistered
CorporateActionSecuritiesMovement1	AccountDetails	AcctDtls	1	2	ValueList<SecuritiesAccount8>	ProvisionallyRegistered
CorporateActionSecuritiesMovement2	AccountDetails	AcctDtls	1	2	ValueList<SecuritiesAccount9>	ProvisionallyRegistered
CorporateActionStandingInstructionCancellationRejectionStatus1	Reason	Rsn	1	*	ValueList<RejectionReason10FormatChoice_>	ProvisionallyRegistered
CorporateActionStandingInstructionRejectionStatus1	Reason	Rsn	1	*	ValueList<RejectionReason20FormatChoice_>	ProvisionallyRegistered
CostsAndCharges1	IndividualCostOrCharge	IndvCostOrChrg	1	*	ValueList<IndividualCostOrCharge1>	ProvisionallyRegistered
CostsAndCharges2	IndividualCostOrCharge	IndvCostOrChrg	1	*	ValueList<IndividualCostOrCharge2>	ProvisionallyRegistered
CounterpartyAggregation3	ValuationAmounts	ValtnAmts	1	*	ValueList<CollateralAmount16>	ProvisionallyRegistered
CounterpartyData60	CounterpartyData	CtrPtyData	1	2	ValueList<CounterpartyData61>	ProvisionallyRegistered
CounterpartyData76	CounterpartyData	CtrPtyData	1	2	ValueList<CounterpartyData77>	ProvisionallyRegistered
CounterpartyData88	Counterparty	CtrPty	1	2	ValueList<CounterpartyData89>	ProvisionallyRegistered
CreditTransferTransaction38	DirectDebitTransactionInformation	DrctDbtTxInf	1	*	ValueList<DirectDebitTransactionInformation25>	ProvisionallyRegistered
CreditTransferTransaction47	DirectDebitTransactionInformation	DrctDbtTxInf	1	*	ValueList<DirectDebitTransactionInformation26>	ProvisionallyRegistered
CreditTransferTransaction53	DirectDebitTransactionInformation	DrctDbtTxInf	1	*	ValueList<DirectDebitTransactionInformation27>	ProvisionallyRegistered
CreditTransferTransaction66	DirectDebitTransactionInformation	DrctDbtTxInf	1	*	ValueList<DirectDebitTransactionInformation33>	ProvisionallyRegistered
CreditTransferTransaction9	DirectDebitTransactionInformation	DrctDbtTxInf	1	*	ValueList<DirectDebitTransactionInformation15>	ProvisionallyRegistered
CryptographicKey1	Function	Fctn	1	*	SimpleValueList<KeyUsage1Code>	ProvisionallyRegistered
CryptographicKey11	Function	Fctn	1	*	SimpleValueList<KeyUsage1Code>	ProvisionallyRegistered
CryptographicKey2	Function	Fctn	1	*	SimpleValueList<KeyUsage1Code>	ProvisionallyRegistered
CryptographicKey20	Function	Fctn	1	*	SimpleValueList<KeyUsage1Code>	ProvisionallyRegistered
CryptographicKey4	Function	Fctn	1	*	SimpleValueList<KeyUsage1Code>	ProvisionallyRegistered
CryptographicKey5	Function	Fctn	1	*	SimpleValueList<KeyUsage1Code>	ProvisionallyRegistered
CryptographicKey6	Function	Fctn	1	*	SimpleValueList<KeyUsage1Code>	ProvisionallyRegistered
CryptographicKey7	Function	Fctn	1	*	SimpleValueList<KeyUsage1Code>	ProvisionallyRegistered
CryptographicKey8	Function	Fctn	1	*	SimpleValueList<KeyUsage1Code>	ProvisionallyRegistered
CurrencyExchangeCriteria2	SearchCriteria	SchCrit	1	*	ValueList<CurrencyExchangeSearchCriteria1>	ProvisionallyRegistered
CustomBasket1	Constituents	Cnsttnts	1	*	ValueList<BasketConstituents1>	ProvisionallyRegistered
CustomerAccount5	Identification	Id	1	*	ValueList<AccountIdentification4Choice_>	ProvisionallyRegistered
CustomerAccountModification1	Identification	Id	1	*	ValueList<AccountIdentification4Choice_>	ProvisionallyRegistered
CustomerIdentification1	AuthorityRequest	AuthrtyReq	1	*	ValueList<AuthorityInvestigation2>	ProvisionallyRegistered
CustomerIdentification2	AuthorityRequest	AuthrtyReq	1	*	ValueList<AuthorityInvestigation2>	ProvisionallyRegistered
CutOffData1	NettingCutOffDetails	NetgCutOffDtls	1	*	ValueList<NettingCutOff1>	ProvisionallyRegistered
CutOffData2	NettingCutOffDetails	NetgCutOffDtls	1	*	ValueList<NettingCutOff2>	ProvisionallyRegistered
DefaultFundReport1	CollateralDescription	CollDesc	1	*	ValueList<Collateral3>	ProvisionallyRegistered
DefaultFundReport1	DefaultFundCalculation	DfltFndClctn	1	*	ValueList<DefaultFund1>	ProvisionallyRegistered
Derivative3	DerivativeUnderlyingLeg	DerivUndrlygLeg	1	2	ValueList<DerivativeUnderlyingLeg1>	ProvisionallyRegistered
DetailedInstructionStatus2	VotePerResolution	VotePerRsltn	1	200	ValueList<Vote4>	ProvisionallyRegistered
DetailedInstructionStatus9	VotePerResolution	VotePerRsltn	1	1000	ValueList<Vote4>	ProvisionallyRegistered
DetailedStatisticsPerCounterparty18	RejectionStatistics	RjctnSttstcs	1	*	ValueList<RejectionStatistics8>	ProvisionallyRegistered
DetailedStatisticsPerCounterparty19	RejectionStatistics	RjctnSttstcs	1	*	ValueList<RejectionStatistics9>	ProvisionallyRegistered
DetailedTransactionStatistics10	NumberOfTransactionsRejected	NbOfTxsRjctd	1	*	ValueList<RejectionReason47>	ProvisionallyRegistered
DetailedTransactionStatistics26	Warnings	Wrnngs	1	*	ValueList<MissingMarginData2>	ProvisionallyRegistered
DetailedTransactionStatistics27	Warnings	Wrnngs	1	*	ValueList<MissingValuationsData2>	ProvisionallyRegistered
DetailedTransactionStatistics28	Warnings	Wrnngs	1	*	ValueList<AbnormalValuesData4>	ProvisionallyRegistered
DeviceDisplayRequest1	DisplayOutput	DispOutpt	1	*	ValueList<ActionMessage6>	ProvisionallyRegistered
DeviceDisplayRequest2	DisplayOutput	DispOutpt	1	*	ValueList<ActionMessage7>	ProvisionallyRegistered
DeviceDisplayRequest3	DisplayOutput	DispOutpt	1	*	ValueList<ActionMessage8>	ProvisionallyRegistered
DeviceDisplayRequest4	DisplayOutput	DispOutpt	1	*	ValueList<ActionMessage9>	ProvisionallyRegistered
DeviceDisplayRequest5	DisplayOutput	DispOutpt	1	*	ValueList<ActionMessage10>	ProvisionallyRegistered
DeviceDisplayRequest6	DisplayOutput	DispOutpt	1	*	ValueList<ActionMessage11>	ProvisionallyRegistered
DeviceDisplayRequest7	DisplayOutput	DispOutpt	1	*	ValueList<ActionMessage12>	ProvisionallyRegistered
DeviceDisplayResponse1	OutputResult	OutptRslt	1	*	ValueList<OutputResult1>	ProvisionallyRegistered
DeviceDisplayResponse2	OutputResult	OutptRslt	1	*	ValueList<OutputResult2>	ProvisionallyRegistered
DeviceDisplayResponse3	OutputResult	OutptRslt	1	*	ValueList<OutputResult3>	ProvisionallyRegistered
DigestedData1	DigestAlgorithm	DgstAlgo	1	*	ValueList<AlgorithmIdentification1>	ProvisionallyRegistered
DigestedData2	DigestAlgorithm	DgstAlgo	1	*	ValueList<AlgorithmIdentification5>	ProvisionallyRegistered
DigestedData3	DigestAlgorithm	DgstAlgo	1	*	ValueList<AlgorithmIdentification5>	ProvisionallyRegistered
DisplayCapabilities3	AvailableFormat	AvlblFrmt	1	*	SimpleValueList<OutputFormat1Code>	ProvisionallyRegistered
DisplayCapabilities4	Destination	Dstn	1	*	SimpleValueList<UserInterface4Code>	ProvisionallyRegistered
DisplayCapabilities5	Destination	Dstn	1	*	SimpleValueList<UserInterface5Code>	ProvisionallyRegistered
DisplayCapabilities7	Destination	Dstn	1	*	SimpleValueList<UserInterface9Code>	ProvisionallyRegistered
DisputeReference1	DisputeIdentification	DsptId	1	*	ValueList<DisputeIdentification1>	ProvisionallyRegistered
DistributionRejectionStatus1	Reason	Rsn	1	*	ValueList<RejectionReason19FormatChoice_>	ProvisionallyRegistered
DocumentLineInformation1	Identification	Id	1	*	ValueList<DocumentLineIdentification1>	ProvisionallyRegistered
DocumentLineInformation2	Identification	Id	1	*	ValueList<DocumentLineIdentification1>	ProvisionallyRegistered
DocumentNumber12	References	Refs	1	*	ValueList<Identification15>	ProvisionallyRegistered
DocumentNumber15	References	Refs	1	*	ValueList<Identification24>	ProvisionallyRegistered
DocumentNumber16	References	Refs	1	*	ValueList<Identification26>	ProvisionallyRegistered
DocumentNumber17	References	Refs	1	*	ValueList<Identification27>	ProvisionallyRegistered
DocumentNumber18	References	Refs	1	*	ValueList<Identification28>	ProvisionallyRegistered
DocumentNumber19	References	Refs	1	*	ValueList<Identification29>	ProvisionallyRegistered
DocumentNumber2	References	Refs	1	*	ValueList<Identification2>	ProvisionallyRegistered
DocumentNumber20	References	Refs	1	*	ValueList<Identification30>	ProvisionallyRegistered
DocumentNumber21	References	Refs	1	*	ValueList<Identification31>	ProvisionallyRegistered
DocumentNumber22	References	Refs	1	*	ValueList<Identification32>	ProvisionallyRegistered
DocumentNumber5	References	Refs	1	*	ValueList<Identification6>	ProvisionallyRegistered
DocumentNumber6	References	Refs	1	*	ValueList<Identification7>	ProvisionallyRegistered
DocumentNumber9	References	Refs	1	*	ValueList<Identification11>	ProvisionallyRegistered
EligiblePosition17	HoldingBalance	HldgBal	1	3	ValueList<HoldingBalance13>	ProvisionallyRegistered
EligibleSecurity5	SecurityIdentification	SctyId	1	*	ValueList<SecurityIdentification19>	ProvisionallyRegistered
EncryptedContent5	EncryptedDataElement	NcrptdDataElmt	1	*	ValueList<EncryptedDataElement1>	ProvisionallyRegistered
EncryptedContent8	EncryptedDataElement	NcrptdDataElmt	1	*	ValueList<EncryptedDataElement2>	ProvisionallyRegistered
EncryptedData1	EncryptedDataElement	NcrptdDataElmt	1	*	ValueList<EncryptedDataElement1>	ProvisionallyRegistered
EncryptedData2	EncryptedElement	NcrptdElmt	1	*	ValueList<EncryptedDataElement2>	ProvisionallyRegistered
EntitlementAdvice1	AccountAndDistributionDetails	AcctAndDstrbtnDtls	1	*	ValueList<Entitlement1>	ProvisionallyRegistered
EnvelopedData1	Recipient	Rcpt	1	*	ValueList<Recipient1Choice_>	ProvisionallyRegistered
EnvelopedData10	Recipient	Rcpt	1	*	ValueList<Recipient14Choice_>	ProvisionallyRegistered
EnvelopedData11	Recipient	Rcpt	1	*	ValueList<Recipient15Choice_>	ProvisionallyRegistered
EnvelopedData12	Recipient	Rcpt	1	*	ValueList<Recipient7Choice_>	ProvisionallyRegistered
EnvelopedData2	Recipient	Rcpt	1	*	ValueList<Recipient2Choice_>	ProvisionallyRegistered
EnvelopedData3	Recipient	Rcpt	1	*	ValueList<Recipient3Choice_>	ProvisionallyRegistered
EnvelopedData4	Recipient	Rcpt	1	*	ValueList<Recipient4Choice_>	ProvisionallyRegistered
EnvelopedData5	Recipient	Rcpt	1	*	ValueList<Recipient6Choice_>	ProvisionallyRegistered
EnvelopedData6	Recipient	Rcpt	1	*	ValueList<Recipient7Choice_>	ProvisionallyRegistered
EnvelopedData7	Recipient	Rcpt	1	*	ValueList<Recipient8Choice_>	ProvisionallyRegistered
EnvelopedData8	Recipient	Rcpt	1	*	ValueList<Recipient10Choice_>	ProvisionallyRegistered
EnvelopedData9	Recipient	Rcpt	1	*	ValueList<Recipient11Choice_>	ProvisionallyRegistered
ErrorAction1	ActionResult	ActnRslt	1	*	SimpleValueList<TerminalManagementActionResult1Code>	ProvisionallyRegistered
ErrorAction2	ActionResult	ActnRslt	1	*	SimpleValueList<TerminalManagementActionResult1Code>	ProvisionallyRegistered
ErrorAction3	ActionResult	ActnRslt	1	*	SimpleValueList<TerminalManagementActionResult3Code>	ProvisionallyRegistered
ErrorAction4	ActionResult	ActnRslt	1	*	SimpleValueList<TerminalManagementActionResult4Code>	ProvisionallyRegistered
ErrorAction5	ActionResult	ActnRslt	1	*	SimpleValueList<TerminalManagementActionResult5Code>	ProvisionallyRegistered
EstimatedFundCashForecast2	SortingCriteriaDetails	SrtgCritDtls	1	*	ValueList<CashSortingCriterion1>	ProvisionallyRegistered
ExchangeConfiguration1	ExchangePolicy	XchgPlcy	1	*	SimpleValueList<ExchangePolicy1Code>	ProvisionallyRegistered
ExchangeConfiguration10	ExchangePolicy	XchgPlcy	1	*	SimpleValueList<ExchangePolicy2Code>	ProvisionallyRegistered
ExchangeConfiguration2	ExchangePolicy	XchgPlcy	1	*	SimpleValueList<ExchangePolicy1Code>	ProvisionallyRegistered
ExchangeConfiguration3	ExchangePolicy	XchgPlcy	1	*	SimpleValueList<ExchangePolicy1Code>	ProvisionallyRegistered
ExchangeConfiguration4	ExchangePolicy	XchgPlcy	1	*	SimpleValueList<ExchangePolicy1Code>	ProvisionallyRegistered
ExchangeConfiguration5	ExchangePolicy	XchgPlcy	1	*	SimpleValueList<ExchangePolicy1Code>	ProvisionallyRegistered
ExchangeConfiguration6	ExchangePolicy	XchgPlcy	1	*	SimpleValueList<ExchangePolicy1Code>	ProvisionallyRegistered
ExchangeConfiguration7	ExchangePolicy	XchgPlcy	1	*	SimpleValueList<ExchangePolicy1Code>	ProvisionallyRegistered
ExchangeConfiguration8	ExchangePolicy	XchgPlcy	1	*	SimpleValueList<ExchangePolicy2Code>	ProvisionallyRegistered
ExchangeConfiguration9	ExchangePolicy	XchgPlcy	1	*	SimpleValueList<ExchangePolicy2Code>	ProvisionallyRegistered
ExposureTypeAggregation3	ValuationAmounts	ValtnAmts	1	*	ValueList<CollateralAmount16>	ProvisionallyRegistered
FeeCollectionReference1	FeeCollectionIdentification	FeeColltnId	1	*	ValueList<FeeCollectionIdentification1>	ProvisionallyRegistered
FeeCollectionReference2	Identification	Id	1	*	ValueList<FeeCollectionIdentification1>	ProvisionallyRegistered
FinancialInstitutionSector1	Sector	Sctr	1	*	ValueList<FinancialPartyClassification2Choice_>	ProvisionallyRegistered
FinancialInstrument106	Identification	Id	1	10	ValueList<SecurityIdentification46Choice_>	ProvisionallyRegistered
FinancialInstrument8	Identification	Id	1	10	ValueList<SecurityIdentification3Choice_>	ProvisionallyRegistered
FinancialInstrumentDetails1	SubBalance	SubBal	1	*	ValueList<IntraPositionDetails3>	ProvisionallyRegistered
FinancialInstrumentDetails10	SubBalance	SubBal	1	*	ValueList<IntraPositionDetails20>	ProvisionallyRegistered
FinancialInstrumentDetails13	Transaction	Tx	1	*	ValueList<Transaction29>	ProvisionallyRegistered
FinancialInstrumentDetails14	SubBalance	SubBal	1	*	ValueList<IntraPositionDetails28>	ProvisionallyRegistered
FinancialInstrumentDetails17	Transaction	Tx	1	*	ValueList<Transaction36>	ProvisionallyRegistered
FinancialInstrumentDetails2	Transaction	Tx	1	*	ValueList<Transaction6>	ProvisionallyRegistered
FinancialInstrumentDetails20	Transaction	Tx	1	*	ValueList<Transaction46>	ProvisionallyRegistered
FinancialInstrumentDetails21	SubBalance	SubBal	1	*	ValueList<IntraPositionDetails32>	ProvisionallyRegistered
FinancialInstrumentDetails22	SubBalance	SubBal	1	*	ValueList<IntraPositionDetails37>	ProvisionallyRegistered
FinancialInstrumentDetails23	Transaction	Tx	1	*	ValueList<Transaction50>	ProvisionallyRegistered
FinancialInstrumentDetails24	SubBalance	SubBal	1	*	ValueList<IntraPositionDetails40>	ProvisionallyRegistered
FinancialInstrumentDetails25	Transaction	Tx	1	*	ValueList<Transaction52>	ProvisionallyRegistered
FinancialInstrumentDetails26	SubBalance	SubBal	1	*	ValueList<IntraPositionDetails44>	ProvisionallyRegistered
FinancialInstrumentDetails27	Transaction	Tx	1	*	ValueList<Transaction55>	ProvisionallyRegistered
FinancialInstrumentDetails28	Transaction	Tx	1	*	ValueList<Transaction62>	ProvisionallyRegistered
FinancialInstrumentDetails29	SubBalance	SubBal	1	*	ValueList<IntraPositionDetails45>	ProvisionallyRegistered
FinancialInstrumentDetails30	SubBalance	SubBal	1	*	ValueList<IntraPositionDetails48>	ProvisionallyRegistered
FinancialInstrumentDetails31	Transaction	Tx	1	*	ValueList<Transaction65>	ProvisionallyRegistered
FinancialInstrumentDetails32	Transaction	Tx	1	*	ValueList<Transaction69>	ProvisionallyRegistered
FinancialInstrumentDetails33	Transaction	Tx	1	*	ValueList<Transaction72>	ProvisionallyRegistered
FinancialInstrumentDetails34	SubBalance	SubBal	1	*	ValueList<IntraPositionDetails51>	ProvisionallyRegistered
FinancialInstrumentDetails35	Transaction	Tx	1	*	ValueList<Transaction110>	ProvisionallyRegistered
FinancialInstrumentDetails36	SubBalance	SubBal	1	*	ValueList<IntraPositionDetails54>	ProvisionallyRegistered
FinancialInstrumentDetails37	Transaction	Tx	1	*	ValueList<Transaction113>	ProvisionallyRegistered
FinancialInstrumentDetails38	Transaction	Tx	1	*	ValueList<Transaction114>	ProvisionallyRegistered
FinancialInstrumentDetails39	Transaction	Tx	1	*	ValueList<Transaction119>	ProvisionallyRegistered
FinancialInstrumentDetails40	SubBalance	SubBal	1	*	ValueList<IntraPositionDetails57>	ProvisionallyRegistered
FinancialInstrumentDetails41	Transaction	Tx	1	*	ValueList<Transaction123>	ProvisionallyRegistered
FinancialInstrumentDetails43	Transaction	Tx	1	*	ValueList<Transaction126>	ProvisionallyRegistered
FinancialInstrumentDetails44	SubBalance	SubBal	1	*	ValueList<IntraPositionDetails63>	ProvisionallyRegistered
FinancialInstrumentDetails46	Transaction	Tx	1	*	ValueList<Transaction161>	ProvisionallyRegistered
FinancialInstrumentDetails47	SubBalance	SubBal	1	*	ValueList<IntraPositionDetails66>	ProvisionallyRegistered
FinancialInstrumentDetails48	Transaction	Tx	1	*	ValueList<Transaction165>	ProvisionallyRegistered
FinancialInstrumentDetails49	Transaction	Tx	1	*	ValueList<Transaction167>	ProvisionallyRegistered
FinancialInstrumentDetails5	Transaction	Tx	1	*	ValueList<Transaction13>	ProvisionallyRegistered
FinancialInstrumentDetails6	SubBalance	SubBal	1	*	ValueList<IntraPositionDetails17>	ProvisionallyRegistered
FinancialInstrumentDetails9	Transaction	Tx	1	*	ValueList<Transaction18>	ProvisionallyRegistered
FinancialPartyClassification1	Classification	Clssfctn	1	*	SimpleValueList<FinancialPartySectorType2Code>	ProvisionallyRegistered
FinancialPartyClassification2	Classification	Clssfctn	1	*	SimpleValueList<string>	ProvisionallyRegistered
FinancingAgreementList1	Item	Itm	1	*	ValueList<FinancingAgreementItem1>	ProvisionallyRegistered
FinancingInformationAndStatus1	InvoiceFinancingDetails	InvcFincgDtls	1	*	ValueList<InvoiceFinancingDetails1>	ProvisionallyRegistered
FundCashForecast2	SortingCriteriaDetails	SrtgCritDtls	1	*	ValueList<CashSortingCriterion2>	ProvisionallyRegistered
FundConfirmedCashForecastReport1	FundCashForecastDetails	FndCshFcstDtls	1	*	ValueList<FundCashForecast1>	ProvisionallyRegistered
FundConfirmedCashForecastReport2	FundCashForecastDetails	FndCshFcstDtls	1	*	ValueList<FundCashForecast3>	ProvisionallyRegistered
FundDetailedConfirmedCashForecastReport1	FundCashForecastDetails	FndCshFcstDtls	1	*	ValueList<FundCashForecast2>	ProvisionallyRegistered
FundDetailedConfirmedCashForecastReport2	FundCashForecastDetails	FndCshFcstDtls	1	*	ValueList<FundCashForecast4>	ProvisionallyRegistered
FundDetailedConfirmedCashForecastReport3	FundCashForecastDetails	FndCshFcstDtls	1	*	ValueList<FundCashForecast6>	ProvisionallyRegistered
FundProcessingPassport1	SettlementDetails	SttlmDtls	1	*	ValueList<CashAccount22>	ProvisionallyRegistered
GeneralCollateral2	EligibleFinancialInstrumentIdentification	ElgblFinInstrmId	1	*	SimpleValueList<string>	ProvisionallyRegistered
Group1	Party	Pty	1	*	ValueList<PartyAndCertificate2>	ProvisionallyRegistered
Group2	Party	Pty	1	*	ValueList<PartyAndCertificate3>	ProvisionallyRegistered
Group3	Party	Pty	1	*	ValueList<PartyAndCertificate5>	ProvisionallyRegistered
Group4	Party	Pty	1	*	ValueList<PartyAndCertificate4>	ProvisionallyRegistered
Group5	Party	Pty	1	*	ValueList<PartyAndCertificate7>	ProvisionallyRegistered
Group6	Party	Pty	1	*	ValueList<PartyAndCertificate6>	ProvisionallyRegistered
ISATransfer17	ProductTransfer	PdctTrf	1	*	ValueList<ISATransfer16>	ProvisionallyRegistered
ISATransfer20	ProductTransfer	PdctTrf	1	*	ValueList<ISATransfer18>	ProvisionallyRegistered
ISATransfer25	ProductTransfer	PdctTrf	1	*	ValueList<ISATransfer22>	ProvisionallyRegistered
ISATransfer9	ProductTransfer	PdctTrf	1	*	ValueList<ISATransfer8>	ProvisionallyRegistered
IncomeStatement2	ClearingMemberFee	ClrMmbFee	1	*	ValueList<ClearingMemberFee1>	ProvisionallyRegistered
IndividualOrderConfirmationStatusAndReason1	AmendmentRejected	AmdmntRjctd	1	10	ValueList<ConfirmationRejectedStatus1>	ProvisionallyRegistered
IndividualOrderConfirmationStatusAndReason1	ConfirmationRejected	ConfRjctd	1	10	ValueList<ConfirmationRejectedStatus1>	ProvisionallyRegistered
IndividualOrderStatusAndReason2	Rejected	Rjctd	1	10	ValueList<RejectedStatus6>	ProvisionallyRegistered
IndividualPerson10	Citizenship	Ctznsh	1	3	ValueList<CitizenshipInformation>	ProvisionallyRegistered
IndividualPerson10	PostalAddress	PstlAdr	1	5	ValueList<PostalAddress3>	ProvisionallyRegistered
IndividualPerson20	Citizenship	Ctznsh	1	3	ValueList<CitizenshipInformation>	ProvisionallyRegistered
IndividualPerson20	PostalAddress	PstlAdr	1	5	ValueList<PostalAddress3>	ProvisionallyRegistered
IndividualPerson22	Citizenship	Ctznsh	1	3	ValueList<CitizenshipInformation>	ProvisionallyRegistered
IndividualPerson22	PostalAddress	PstlAdr	1	5	ValueList<PostalAddress3>	ProvisionallyRegistered
IndividualPerson23	Citizenship	Ctznsh	1	3	ValueList<CitizenshipInformation>	ProvisionallyRegistered
IndividualPerson23	PostalAddress	PstlAdr	1	5	ValueList<PostalAddress3>	ProvisionallyRegistered
IndividualPerson27	PostalAddress	PstlAdr	1	10	ValueList<PostalAddress21>	ProvisionallyRegistered
IndividualPerson29	PostalAddress	PstlAdr	1	5	ValueList<PostalAddress21>	ProvisionallyRegistered
IndividualPerson34	PostalAddress	PstlAdr	1	10	ValueList<PostalAddress21>	ProvisionallyRegistered
IndividualPerson37	PostalAddress	PstlAdr	1	10	ValueList<PostalAddress21>	ProvisionallyRegistered
InitialMarginRequirement1	InitialMarginExposure	InitlMrgnXpsr	1	*	ValueList<InitialMarginExposure1>	ProvisionallyRegistered
InteroperabilityCCP1	AssetHolding	AsstHldg	1	*	ValueList<AssetHolding3>	ProvisionallyRegistered
InteroperabilityCCP1	GrossNotionalAmount	GrssNtnlAmt	1	*	ValueList<ActiveCurrencyAnd24Amount>	ProvisionallyRegistered
InteroperabilityCCP1	TotalInitialMargin	TtlInitlMrgn	1	*	ValueList<ActiveCurrencyAndAmount>	ProvisionallyRegistered
IntraBalanceCancellation5	Cancellation	Cxl	1	*	ValueList<IntraBalanceCancellation6>	ProvisionallyRegistered
IntraBalanceCancellation7	Cancellation	Cxl	1	*	ValueList<IntraBalanceCancellation8>	ProvisionallyRegistered
IntraBalanceModification5	Modification	Mod	1	*	ValueList<IntraBalanceModification6>	ProvisionallyRegistered
IntraBalanceModification7	Modification	Mod	1	*	ValueList<IntraBalanceModification8>	ProvisionallyRegistered
IntraBalanceMovements3	Movement	Mvmnt	1	*	ValueList<IntraBalanceMovement5>	ProvisionallyRegistered
IntraBalanceMovements4	Movement	Mvmnt	1	*	ValueList<IntraBalanceMovement7>	ProvisionallyRegistered
IntraBalancePending5	Movement	Mvmnt	1	*	ValueList<IntraBalancePending6>	ProvisionallyRegistered
IntraBalancePosting5	Movement	Mvmnt	1	*	ValueList<IntraBalancePosting6>	ProvisionallyRegistered
IntraPositionDetails17	IntraPositionMovement	IntraPosMvmnt	1	*	ValueList<IntraPositionMovementDetails5>	ProvisionallyRegistered
IntraPositionDetails20	IntraPositionMovement	IntraPosMvmnt	1	*	ValueList<IntraPositionMovementDetails7>	ProvisionallyRegistered
IntraPositionDetails28	IntraPositionMovement	IntraPosMvmnt	1	*	ValueList<IntraPositionMovementDetails9>	ProvisionallyRegistered
IntraPositionDetails3	IntraPositionMovement	IntraPosMvmnt	1	*	ValueList<IntraPositionMovementDetails1>	ProvisionallyRegistered
IntraPositionDetails32	IntraPositionMovement	IntraPosMvmnt	1	*	ValueList<IntraPositionMovementDetails11>	ProvisionallyRegistered
IntraPositionDetails37	IntraPositionMovement	IntraPosMvmnt	1	*	ValueList<IntraPositionMovementDetails12>	ProvisionallyRegistered
IntraPositionDetails40	IntraPositionMovement	IntraPosMvmnt	1	*	ValueList<IntraPositionMovementDetails13>	ProvisionallyRegistered
IntraPositionDetails44	IntraPositionMovement	IntraPosMvmnt	1	*	ValueList<IntraPositionMovementDetails14>	ProvisionallyRegistered
IntraPositionDetails45	IntraPositionMovement	IntraPosMvmnt	1	*	ValueList<IntraPositionMovementDetails15>	ProvisionallyRegistered
IntraPositionDetails48	IntraPositionMovement	IntraPosMvmnt	1	*	ValueList<IntraPositionMovementDetails16>	ProvisionallyRegistered
IntraPositionDetails51	IntraPositionMovement	IntraPosMvmnt	1	*	ValueList<IntraPositionMovementDetails17>	ProvisionallyRegistered
IntraPositionDetails54	IntraPositionMovement	IntraPosMvmnt	1	*	ValueList<IntraPositionMovementDetails18>	ProvisionallyRegistered
IntraPositionDetails57	IntraPositionMovement	IntraPosMvmnt	1	*	ValueList<IntraPositionMovementDetails19>	ProvisionallyRegistered
IntraPositionDetails63	IntraPositionMovement	IntraPosMvmnt	1	*	ValueList<IntraPositionMovementDetails20>	ProvisionallyRegistered
IntraPositionDetails66	IntraPositionMovement	IntraPosMvmnt	1	*	ValueList<IntraPositionMovementDetails21>	ProvisionallyRegistered
IntraPositionMovements6	Movement	Mvmnt	1	*	ValueList<IntraPositionMovement10>	ProvisionallyRegistered
IntraPositionPending11	Movement	Mvmnt	1	*	ValueList<IntraPositionPending12>	ProvisionallyRegistered
InvestmentFundOrder1	OrderReferences	OrdrRefs	1	*	ValueList<InvestmentFundOrder5>	ProvisionallyRegistered
InvestmentFundOrderExecution1	OrderReferences	OrdrRefs	1	*	ValueList<InvestmentFundOrderExecution2>	ProvisionallyRegistered
InvestmentFundTransactionsByFund1	TransactionDetails	TxDtls	1	*	ValueList<InvestmentFundTransaction2>	ProvisionallyRegistered
InvestmentFundTransactionsByFund2	TransactionDetails	TxDtls	1	*	ValueList<InvestmentFundTransaction3>	ProvisionallyRegistered
InvestmentFundTransactionsByFund3	TransactionDetails	TxDtls	1	*	ValueList<InvestmentFundTransaction4>	ProvisionallyRegistered
InvestmentPlan10	SecurityDetails	SctyDtls	1	50	ValueList<Repartition3>	ProvisionallyRegistered
InvestmentPlan11	SecurityDetails	SctyDtls	1	50	ValueList<Repartition3>	ProvisionallyRegistered
InvestmentPlan12	SecurityDetails	SctyDtls	1	50	ValueList<Repartition4>	ProvisionallyRegistered
InvestmentPlan13	SecurityDetails	SctyDtls	1	50	ValueList<Repartition4>	ProvisionallyRegistered
InvestmentPlan14	SecurityDetails	SctyDtls	1	50	ValueList<Repartition5>	ProvisionallyRegistered
InvestmentPlan15	SecurityDetails	SctyDtls	1	50	ValueList<Repartition5>	ProvisionallyRegistered
InvestmentPlan16	SecurityDetails	SctyDtls	1	50	ValueList<Repartition6>	ProvisionallyRegistered
InvestmentPlan17	SecurityDetails	SctyDtls	1	50	ValueList<Repartition6>	ProvisionallyRegistered
InvestmentPlan4	SecurityDetails	SctyDtls	1	50	ValueList<Repartition1>	ProvisionallyRegistered
InvestmentPlan5	SecurityDetails	SctyDtls	1	50	ValueList<Repartition1>	ProvisionallyRegistered
InvestmentPlan6	SecurityDetails	SctyDtls	1	50	ValueList<Repartition2>	ProvisionallyRegistered
InvestmentPlan7	SecurityDetails	SctyDtls	1	50	ValueList<Repartition2>	ProvisionallyRegistered
InvestmentPlan8	SecurityDetails	SctyDtls	1	50	ValueList<Repartition2>	ProvisionallyRegistered
InvestmentPlan9	SecurityDetails	SctyDtls	1	50	ValueList<Repartition2>	ProvisionallyRegistered
InvoiceTotals8	ServiceCategoryTotals	SvcCtgyTtls	1	*	ValueList<ServiceCategoryTotals7>	ProvisionallyRegistered
LineItem11	LineItemDetails	LineItmDtls	1	*	ValueList<LineItemDetails10>	ProvisionallyRegistered
LineItem12	CommercialLineItems	ComrclLineItms	1	*	ValueList<LineItemDetails11>	ProvisionallyRegistered
LineItem13	LineItemDetails	LineItmDtls	1	*	ValueList<LineItemDetails13>	ProvisionallyRegistered
LineItem14	LineItemDetails	LineItmDtls	1	*	ValueList<LineItemDetails12>	ProvisionallyRegistered
LineItem15	CommercialLineItems	ComrclLineItms	1	*	ValueList<LineItemDetails14>	ProvisionallyRegistered
LineItem7	LineItemDetails	LineItmDtls	1	*	ValueList<LineItemDetails7>	ProvisionallyRegistered
LineItem8	LineItemDetails	LineItmDtls	1	*	ValueList<LineItemDetails8>	ProvisionallyRegistered
LineItem9	CommercialLineItems	ComrclLineItms	1	*	ValueList<LineItemDetails9>	ProvisionallyRegistered
LineItemAndPOIdentification1	LineItemIdentification	LineItmId	1	*	SimpleValueList<string>	ProvisionallyRegistered
LiquidResources1	CashDue	CshDue	1	*	ValueList<LiquidResourceInformation1>	ProvisionallyRegistered
LiquidityStressTestResult1	LiquidityRequiredAndAvailable	LqdtyReqrdAndAvlbl	6	6	ValueList<LiquidityRequiredAndAvailable1>	ProvisionallyRegistered
LoanContract1	Buyer	Buyr	1	*	ValueList<TradeParty2>	ProvisionallyRegistered
LoanContract1	Seller	Sellr	1	*	ValueList<TradeParty2>	ProvisionallyRegistered
LoanContract2	Buyer	Buyr	1	*	ValueList<TradeParty5>	ProvisionallyRegistered
LoanContract2	Seller	Sellr	1	*	ValueList<TradeParty5>	ProvisionallyRegistered
LoanContract3	Buyer	Buyr	1	*	ValueList<TradeParty5>	ProvisionallyRegistered
LoanContract3	Seller	Sellr	1	*	ValueList<TradeParty5>	ProvisionallyRegistered
LoanContract4	Buyer	Buyr	1	*	ValueList<TradeParty6>	ProvisionallyRegistered
LoanContract4	Seller	Sellr	1	*	ValueList<TradeParty6>	ProvisionallyRegistered
LocalMarketAnnex2	Country	Ctry	1	*	SimpleValueList<string>	ProvisionallyRegistered
LocalMarketAnnex2	SettlementDetails	SttlmDtls	1	*	ValueList<CashAccount22>	ProvisionallyRegistered
LocalMarketAnnex3	Country	Ctry	1	*	SimpleValueList<string>	ProvisionallyRegistered
LocalMarketAnnex4	Country	Ctry	1	*	SimpleValueList<string>	ProvisionallyRegistered
LocalMarketAnnex5	Country	Ctry	1	*	SimpleValueList<string>	ProvisionallyRegistered
LocalMarketAnnex6	Country	Ctry	1	*	ValueList<CountryCode>	ProvisionallyRegistered
LoginRequest1	SaleSoftware	SaleSftwr	1	*	ValueList<PointOfInteractionComponent9>	ProvisionallyRegistered
LoginRequest2	SaleSoftware	SaleSftwr	1	*	ValueList<PointOfInteractionComponent10>	ProvisionallyRegistered
LoginRequest3	SaleSoftware	SaleSftwr	1	*	ValueList<PointOfInteractionComponent11>	ProvisionallyRegistered
LoginRequest4	SaleSoftware	SaleSftwr	1	*	ValueList<PointOfInteractionComponent12>	ProvisionallyRegistered
LoginRequest5	SaleSoftware	SaleSftwr	1	*	ValueList<PointOfInteractionComponent14>	ProvisionallyRegistered
LoginRequest6	SaleSoftware	SaleSftwr	1	*	ValueList<PointOfInteractionComponent15>	ProvisionallyRegistered
LoginRequest7	SaleSoftware	SaleSftwr	1	*	ValueList<PointOfInteractionComponent17>	ProvisionallyRegistered
LoginRequest8	SaleSoftware	SaleSftwr	1	*	ValueList<PointOfInteractionComponent18>	ProvisionallyRegistered
LoginResponse1	POISoftware	POISftwr	1	*	ValueList<PointOfInteractionComponent9>	ProvisionallyRegistered
LoginResponse2	POISoftware	POISftwr	1	*	ValueList<PointOfInteractionComponent10>	ProvisionallyRegistered
LoginResponse3	POISoftware	POISftwr	1	*	ValueList<PointOfInteractionComponent11>	ProvisionallyRegistered
LoginResponse4	POISoftware	POISftwr	1	*	ValueList<PointOfInteractionComponent12>	ProvisionallyRegistered
LoginResponse5	POISoftware	POISftwr	1	*	ValueList<PointOfInteractionComponent14>	ProvisionallyRegistered
LoginResponse6	POISoftware	POISftwr	1	*	ValueList<PointOfInteractionComponent15>	ProvisionallyRegistered
LoginResponse7	POISoftware	POISftwr	1	*	ValueList<PointOfInteractionComponent17>	ProvisionallyRegistered
LoginResponse8	POISoftware	POISftwr	1	*	ValueList<PointOfInteractionComponent18>	ProvisionallyRegistered
MaintenanceDelegation1	MaintenanceService	MntncSvc	1	*	SimpleValueList<DataSetCategory6Code>	ProvisionallyRegistered
MaintenanceDelegation10	MaintenanceService	MntncSvc	1	*	SimpleValueList<DataSetCategory15Code>	ProvisionallyRegistered
MaintenanceDelegation11	MaintenanceService	MntncSvc	1	*	SimpleValueList<DataSetCategory16Code>	ProvisionallyRegistered
MaintenanceDelegation12	MaintenanceService	MntncSvc	1	*	SimpleValueList<DataSetCategory16Code>	ProvisionallyRegistered
MaintenanceDelegation13	MaintenanceService	MntncSvc	1	*	SimpleValueList<DataSetCategory16Code>	ProvisionallyRegistered
MaintenanceDelegation14	MaintenanceService	MntncSvc	1	*	SimpleValueList<DataSetCategory16Code>	ProvisionallyRegistered
MaintenanceDelegation15	MaintenanceService	MntncSvc	1	*	SimpleValueList<DataSetCategory16Code>	ProvisionallyRegistered
MaintenanceDelegation16	MaintenanceService	MntncSvc	1	*	SimpleValueList<DataSetCategory16Code>	ProvisionallyRegistered
MaintenanceDelegation17	MaintenanceService	MntncSvc	1	*	ValueList<DataSetCategory19Code>	ProvisionallyRegistered
MaintenanceDelegation18	MaintenanceService	MntncSvc	1	*	ValueList<DataSetCategory19Code>	ProvisionallyRegistered
MaintenanceDelegation19	MaintenanceService	MntncSvc	1	*	ValueList<DataSetCategory19Code>	ProvisionallyRegistered
MaintenanceDelegation2	MaintenanceService	MntncSvc	1	*	SimpleValueList<DataSetCategory6Code>	ProvisionallyRegistered
MaintenanceDelegation20	MaintenanceService	MntncSvc	1	*	SimpleValueList<DataSetCategory19Code>	ProvisionallyRegistered
MaintenanceDelegation3	MaintenanceService	MntncSvc	1	*	SimpleValueList<DataSetCategory11Code>	ProvisionallyRegistered
MaintenanceDelegation4	MaintenanceService	MntncSvc	1	*	SimpleValueList<DataSetCategory6Code>	ProvisionallyRegistered
MaintenanceDelegation5	MaintenanceService	MntncSvc	1	*	SimpleValueList<DataSetCategory11Code>	ProvisionallyRegistered
MaintenanceDelegation6	MaintenanceService	MntncSvc	1	*	SimpleValueList<DataSetCategory11Code>	ProvisionallyRegistered
MaintenanceDelegation7	MaintenanceService	MntncSvc	1	*	SimpleValueList<DataSetCategory13Code>	ProvisionallyRegistered
MaintenanceDelegation8	MaintenanceService	MntncSvc	1	*	SimpleValueList<DataSetCategory13Code>	ProvisionallyRegistered
MaintenanceDelegation9	MaintenanceService	MntncSvc	1	*	SimpleValueList<DataSetCategory11Code>	ProvisionallyRegistered
MaintenanceDelegationRequest1	RequestedDelegation	ReqdDlgtn	1	*	ValueList<MaintenanceDelegation1>	ProvisionallyRegistered
MaintenanceDelegationRequest10	RequestedDelegation	ReqdDlgtn	1	*	ValueList<MaintenanceDelegation18>	ProvisionallyRegistered
MaintenanceDelegationRequest11	RequestedDelegation	ReqdDlgtn	1	*	ValueList<MaintenanceDelegation19>	ProvisionallyRegistered
MaintenanceDelegationRequest12	RequestedDelegation	ReqdDlgtn	1	*	ValueList<MaintenanceDelegation20>	ProvisionallyRegistered
MaintenanceDelegationRequest2	RequestedDelegation	ReqdDlgtn	1	*	ValueList<MaintenanceDelegation3>	ProvisionallyRegistered
MaintenanceDelegationRequest3	RequestedDelegation	ReqdDlgtn	1	*	ValueList<MaintenanceDelegation5>	ProvisionallyRegistered
MaintenanceDelegationRequest4	RequestedDelegation	ReqdDlgtn	1	*	ValueList<MaintenanceDelegation7>	ProvisionallyRegistered
MaintenanceDelegationRequest5	RequestedDelegation	ReqdDlgtn	1	*	ValueList<MaintenanceDelegation8>	ProvisionallyRegistered
MaintenanceDelegationRequest6	RequestedDelegation	ReqdDlgtn	1	*	ValueList<MaintenanceDelegation10>	ProvisionallyRegistered
MaintenanceDelegationRequest7	RequestedDelegation	ReqdDlgtn	1	*	ValueList<MaintenanceDelegation11>	ProvisionallyRegistered
MaintenanceDelegationRequest8	RequestedDelegation	ReqdDlgtn	1	*	ValueList<MaintenanceDelegation13>	ProvisionallyRegistered
MaintenanceDelegationRequest9	RequestedDelegation	ReqdDlgtn	1	*	ValueList<MaintenanceDelegation15>	ProvisionallyRegistered
MaintenanceDelegationResponse1	DelegationResponse	DlgtnRspn	1	*	ValueList<MaintenanceDelegation2>	ProvisionallyRegistered
MaintenanceDelegationResponse2	DelegationResponse	DlgtnRspn	1	*	ValueList<MaintenanceDelegation4>	ProvisionallyRegistered
MaintenanceDelegationResponse3	DelegationResponse	DlgtnRspn	1	*	ValueList<MaintenanceDelegation6>	ProvisionallyRegistered
MaintenanceDelegationResponse4	DelegationResponse	DlgtnRspn	1	*	ValueList<MaintenanceDelegation9>	ProvisionallyRegistered
MaintenanceDelegationResponse5	DelegationResponse	DlgtnRspn	1	*	ValueList<MaintenanceDelegation12>	ProvisionallyRegistered
MaintenanceDelegationResponse6	DelegationResponse	DlgtnRspn	1	*	ValueList<MaintenanceDelegation14>	ProvisionallyRegistered
MaintenanceDelegationResponse7	DelegationResponse	DlgtnRspn	1	*	ValueList<MaintenanceDelegation16>	ProvisionallyRegistered
MaintenanceDelegationResponse8	DelegationResponse	DlgtnRspn	1	*	ValueList<MaintenanceDelegation17>	ProvisionallyRegistered
ManagementPlan1	DataSet	DataSet	1	*	ValueList<TerminalManagementDataSet2>	ProvisionallyRegistered
ManagementPlan2	DataSet	DataSet	1	*	ValueList<TerminalManagementDataSet5>	ProvisionallyRegistered
ManagementPlan3	DataSet	DataSet	1	*	ValueList<TerminalManagementDataSet10>	ProvisionallyRegistered
ManagementPlanContent1	Action	Actn	1	*	ValueList<TMSAction1>	ProvisionallyRegistered
ManagementPlanContent10	Action	Actn	1	*	ValueList<TMSAction10>	ProvisionallyRegistered
ManagementPlanContent11	Action	Actn	1	*	ValueList<TMSAction11>	ProvisionallyRegistered
ManagementPlanContent12	Action	Actn	1	*	ValueList<TMSAction12>	ProvisionallyRegistered
ManagementPlanContent13	Action	Actn	1	*	ValueList<TMSAction13>	ProvisionallyRegistered
ManagementPlanContent14	Action	Actn	1	*	ValueList<TMSAction14>	ProvisionallyRegistered
ManagementPlanContent2	Action	Actn	1	*	ValueList<TMSAction2>	ProvisionallyRegistered
ManagementPlanContent3	Action	Actn	1	*	ValueList<TMSAction3>	ProvisionallyRegistered
ManagementPlanContent4	Action	Actn	1	*	ValueList<TMSAction4>	ProvisionallyRegistered
ManagementPlanContent5	Action	Actn	1	*	ValueList<TMSAction5>	ProvisionallyRegistered
ManagementPlanContent6	Action	Actn	1	*	ValueList<TMSAction6>	ProvisionallyRegistered
ManagementPlanContent7	Action	Actn	1	*	ValueList<TMSAction7>	ProvisionallyRegistered
ManagementPlanContent8	Action	Actn	1	*	ValueList<TMSAction8>	ProvisionallyRegistered
ManagementPlanContent9	Action	Actn	1	*	ValueList<TMSAction9>	ProvisionallyRegistered
MarginAccount1	PositionAccount	PosAcct	1	*	ValueList<PositionAccount1>	ProvisionallyRegistered
MarginReport1	MarginDetails	MrgnDtls	1	*	ValueList<Margin2>	ProvisionallyRegistered
MarginReport1	MarginProduct	MrgnPdct	1	*	ValueList<MarginProductType1Choice_>	ProvisionallyRegistered
MarginReport2	MarginCalculation	MrgnClctn	1	*	ValueList<MarginCalculation2>	ProvisionallyRegistered
Meeting2	Location	Lctn	1	5	ValueList<LocationFormat1Choice_>	ProvisionallyRegistered
Meeting3	Location	Lctn	1	5	ValueList<LocationFormat1Choice_>	ProvisionallyRegistered
Meeting4	Location	Lctn	1	5	ValueList<LocationFormat1Choice_>	ProvisionallyRegistered
Meeting5	Location	Lctn	1	5	ValueList<LocationFormat1Choice_>	ProvisionallyRegistered
Meeting6	Location	Lctn	1	5	ValueList<LocationFormat1Choice_>	ProvisionallyRegistered
MetadataReport5	RegulatoryData	RgltryData	1	*	ValueList<Document28>	ProvisionallyRegistered
ModificationScope30	AdditionalInformation	AddtlInf	1	*	ValueList<AccountRestrictions1>	ProvisionallyRegistered
ModificationScope35	AdditionalInformation	AddtlInf	1	*	ValueList<AdditiononalInformation12>	ProvisionallyRegistered
ModificationScope45	AdditionalInformation	AddtlInf	1	*	ValueList<AdditiononalInformation13>	ProvisionallyRegistered
MultilateralSettlementRequest2	MovementRecord	MvmntRcrd	2	*	ValueList<MovementRecord1>	ProvisionallyRegistered
MultilateralSettlementRequest3	MovementRecord	MvmntRcrd	2	*	ValueList<MovementRecord2>	ProvisionallyRegistered
Narrative1	Text	Txt	1	5	SimpleValueList<string>	ProvisionallyRegistered
NettingCutOff1	NewCutOff	NewCutOff	1	*	ValueList<CutOff1>	ProvisionallyRegistered
NettingCutOff2	NewCutOff	NewCutOff	1	*	ValueList<CutOff1>	ProvisionallyRegistered
NetworkParameters3	Address	Adr	1	*	ValueList<NetworkParameters4>	ProvisionallyRegistered
NetworkParameters5	Address	Adr	1	*	ValueList<NetworkParameters4>	ProvisionallyRegistered
NetworkParameters7	Address	Adr	1	*	ValueList<NetworkParameters9>	ProvisionallyRegistered
NewAccount1	AccountParty	AcctPty	1	*	ValueList<IndividualPerson19>	ProvisionallyRegistered
NewAccount2	AccountParty	AcctPty	1	*	ValueList<IndividualPerson36>	ProvisionallyRegistered
NewAccount3	AccountParty	AcctPty	1	*	ValueList<IndividualPerson36>	ProvisionallyRegistered
NewAccount4	AccountParty	AcctPty	1	*	ValueList<IndividualPerson44>	ProvisionallyRegistered
NewOrderReport2	Order	Ordr	1	*	ValueList<OrderData3>	ProvisionallyRegistered
NonClearingReason2	ClearingExemptionException	ClrXmptnXcptn	1	*	SimpleValueList<ClearingExemptionException1Code>	ProvisionallyRegistered
NonEquitySubClass1	SegmentationCriteria	SgmttnCrit	1	*	ValueList<NonEquitySubClassSegmentationCriterion1>	ProvisionallyRegistered
NonFinancialInstitutionSector10	Sector	Sctr	1	*	ValueList<GenericIdentification175>	ProvisionallyRegistered
NonFinancialRequestContentComponent1	NonFinancialRequestType	NonFinReqTp	1	*	SimpleValueList<NonFinancialRequestType1Code>	ProvisionallyRegistered
NonFinancialRequestContentComponent2	NonFinancialRequestType	NonFinReqTp	1	*	SimpleValueList<NonFinancialRequestType1Code>	ProvisionallyRegistered
NonFinancialRequestContentComponent3	NonFinancialRequestType	NonFinReqTp	1	*	SimpleValueList<NonFinancialRequestType2Code>	ProvisionallyRegistered
NonFinancialRequestContentComponent4	NonFinancialRequestType	NonFinReqTp	1	*	ValueList<NonFinancialRequestType2Code>	ProvisionallyRegistered
NonFinancialRequestContentComponent5	NonFinancialRequestType	NonFinReqTp	1	*	ValueList<NonFinancialRequestType2Code>	ProvisionallyRegistered
NonFinancialRequestContentComponent6	NonFinancialRequestType	NonFinReqTp	1	*	SimpleValueList<NonFinancialRequestType2Code>	ProvisionallyRegistered
NonFinancialResponseComponent1	ResponseContent	RspnCntt	1	*	ValueList<NonFinancialResponseContentComponent1>	ProvisionallyRegistered
NonFinancialResponseComponent2	ResponseContent	RspnCntt	1	*	ValueList<NonFinancialResponseContentComponent2>	ProvisionallyRegistered
NonFinancialResponseComponent3	ResponseContent	RspnCntt	1	*	ValueList<NonFinancialResponseContentComponent3>	ProvisionallyRegistered
NonFinancialResponseComponent4	ResponseContent	RspnCntt	1	*	ValueList<NonFinancialResponseContentComponent4>	ProvisionallyRegistered
NonFinancialResponseComponent5	ResponseContent	RspnCntt	1	*	ValueList<NonFinancialResponseContentComponent5>	ProvisionallyRegistered
NonFinancialResponseComponent6	ResponseContent	RspnCntt	1	*	ValueList<NonFinancialResponseContentComponent6>	ProvisionallyRegistered
NotificationCancellationRejectionReason1	Reason	Rsn	1	*	ValueList<RejectionReason11FormatChoice_>	ProvisionallyRegistered
NotificationCancellationRejectionReason2	Reason	Rsn	1	*	ValueList<RejectionReason11Format1Choice_>	ProvisionallyRegistered
NotificationRejectionReason1	Reason	Rsn	1	*	ValueList<RejectionReason6FormatChoice_>	ProvisionallyRegistered
NotificationRejectionReason2	Reason	Rsn	1	*	ValueList<RejectionReason6Format1Choice_>	ProvisionallyRegistered
NotificationRejectionReason3	Reason	Rsn	1	*	ValueList<RejectionReason6Format2Choice_>	ProvisionallyRegistered
NumberOfTransactionsPerValidationRule5	ReportStatus	RptSts	1	*	ValueList<RejectionReason45>	ProvisionallyRegistered
NumberOfTransactionsPerValidationRule6	ReportStatus	RptSts	1	*	ValueList<RejectionReason70>	ProvisionallyRegistered
OpeningConditions1	SettlementRateSource	SttlmRateSrc	1	2	ValueList<SettlementRateSource1>	ProvisionallyRegistered
OperationMandate1	BankOperation	BkOpr	1	*	ValueList<BankTransactionCodeStructure4>	ProvisionallyRegistered
OperationMandate2	ApplicableChannel	AplblChanl	1	*	ValueList<Channel2Choice_>	ProvisionallyRegistered
OperationMandate2	BankOperation	BkOpr	1	*	ValueList<BankTransactionCodeStructure4>	ProvisionallyRegistered
OperationMandate3	ApplicableChannel	AplblChanl	1	*	ValueList<Channel2Choice_>	ProvisionallyRegistered
OperationMandate3	BankOperation	BkOpr	1	*	ValueList<BankTransactionCodeStructure4>	ProvisionallyRegistered
OperationMandate4	ApplicableChannel	AplblChanl	1	*	ValueList<Channel2Choice_>	ProvisionallyRegistered
OperationMandate4	BankOperation	BkOpr	1	*	ValueList<BankTransactionCodeStructure4>	ProvisionallyRegistered
OperationMandate5	ApplicableChannel	AplblChanl	1	*	ValueList<Channel2Choice_>	ProvisionallyRegistered
OperationMandate5	BankOperation	BkOpr	1	*	ValueList<BankTransactionCodeStructure4>	ProvisionallyRegistered
OperationMandate6	ApplicableChannel	AplblChanl	1	*	ValueList<Channel2Choice_>	ProvisionallyRegistered
OperationMandate6	BankOperation	BkOpr	1	*	ValueList<BankTransactionCodeStructure4>	ProvisionallyRegistered
OperationMandate7	ApplicableChannel	AplblChanl	1	*	ValueList<Channel2Choice_>	ProvisionallyRegistered
OperationMandate7	BankOperation	BkOpr	1	*	ValueList<BankTransactionCodeStructure4>	ProvisionallyRegistered
Option14	ExpirationStyle	XprtnStyle	1	4	SimpleValueList<OptionStyle5Code>	ProvisionallyRegistered
OrderStatusAndReason7	Rejected	Rjctd	1	10	ValueList<RejectedStatus6>	ProvisionallyRegistered
Organisation13	PostalAddress	PstlAdr	1	5	ValueList<PostalAddress3>	ProvisionallyRegistered
Organisation16	PostalAddress	PstlAdr	1	5	ValueList<PostalAddress3>	ProvisionallyRegistered
Organisation2	PostalAddress	PstlAdr	1	5	ValueList<PostalAddress3>	ProvisionallyRegistered
Organisation23	PostalAddress	PstlAdr	1	5	ValueList<PostalAddress21>	ProvisionallyRegistered
Organisation24	PostalAddress	PstlAdr	1	10	ValueList<PostalAddress21>	ProvisionallyRegistered
Organisation38	PostalAddress	PstlAdr	1	5	ValueList<PostalAddress3>	ProvisionallyRegistered
OriginalNotificationReference1	OriginalItem	OrgnlItm	1	*	ValueList<OriginalItem2>	ProvisionallyRegistered
OriginalNotificationReference10	OriginalItem	OrgnlItm	1	*	ValueList<OriginalItem6>	ProvisionallyRegistered
OriginalNotificationReference11	OriginalItemAndStatus	OrgnlItmAndSts	1	*	ValueList<OriginalItemAndStatus7>	ProvisionallyRegistered
OriginalNotificationReference12	OriginalItem	OrgnlItm	1	*	ValueList<OriginalItem7>	ProvisionallyRegistered
OriginalNotificationReference13	OriginalItemAndStatus	OrgnlItmAndSts	1	*	ValueList<OriginalItemAndStatus8>	ProvisionallyRegistered
OriginalNotificationReference14	OriginalItem	OrgnlItm	1	*	ValueList<OriginalItem8>	ProvisionallyRegistered
OriginalNotificationReference15	OriginalItemAndStatus	OrgnlItmAndSts	1	*	ValueList<OriginalItemAndStatus9>	ProvisionallyRegistered
OriginalNotificationReference16	OriginalItem	OrgnlItm	1	*	ValueList<OriginalItem9>	ProvisionallyRegistered
OriginalNotificationReference2	OriginalItemAndStatus	OrgnlItmAndSts	1	*	ValueList<OriginalItemAndStatus2>	ProvisionallyRegistered
OriginalNotificationReference3	OriginalItemAndStatus	OrgnlItmAndSts	1	*	ValueList<OriginalItemAndStatus3>	ProvisionallyRegistered
OriginalNotificationReference4	OriginalItem	OrgnlItm	1	*	ValueList<OriginalItem3>	ProvisionallyRegistered
OriginalNotificationReference5	OriginalItemAndStatus	OrgnlItmAndSts	1	*	ValueList<OriginalItemAndStatus4>	ProvisionallyRegistered
OriginalNotificationReference6	OriginalItem	OrgnlItm	1	*	ValueList<OriginalItem4>	ProvisionallyRegistered
OriginalNotificationReference7	OriginalItemAndStatus	OrgnlItmAndSts	1	*	ValueList<OriginalItemAndStatus5>	ProvisionallyRegistered
OriginalNotificationReference8	OriginalItem	OrgnlItm	1	*	ValueList<OriginalItem5>	ProvisionallyRegistered
OriginalNotificationReference9	OriginalItemAndStatus	OrgnlItmAndSts	1	*	ValueList<OriginalItemAndStatus6>	ProvisionallyRegistered
OriginalReportStatistics3	NumberOfRecordsPerStatus	NbOfRcrdsPerSts	1	*	ValueList<NumberOfRecordsPerStatus1>	ProvisionallyRegistered
PEPISATransfer11	ProductTransfer	PdctTrf	1	*	ValueList<ISATransfer3>	ProvisionallyRegistered
PEPISATransfer7	ProductTransfer	PdctTrf	1	*	ValueList<PEPISATransfer8>	ProvisionallyRegistered
PartyAuditTrail1	Record	Rcrd	1	*	ValueList<UpdateLogPartyRecord1Choice_>	ProvisionallyRegistered
PartyAuditTrail2	Record	Rcrd	1	*	ValueList<UpdateLogPartyRecord2Choice_>	ProvisionallyRegistered
PartyIdentification79	AccountOwner	AcctOwnr	1	*	ValueList<PartyIdentification76>	ProvisionallyRegistered
PartyIdentificationAndAccount119	AccountIdentification	AcctId	1	*	ValueList<AccountIdentification30>	ProvisionallyRegistered
PartyIdentificationAndAccount119	PartyIdentification	PtyId	1	*	ValueList<PartyIdentification90>	ProvisionallyRegistered
PartyReferenceDataChange2	Record	Rcrd	1	*	ValueList<UpdateLogPartyRecord1Choice_>	ProvisionallyRegistered
PartyReferenceDataChange3	Record	Rcrd	1	*	ValueList<UpdateLogPartyRecord2Choice_>	ProvisionallyRegistered
PartyUpdate1	Status	Sts	1	*	ValueList<StatusDetail1>	ProvisionallyRegistered
PayInFactors1	CurrencyFactors	CcyFctrs	1	*	ValueList<CurrencyFactors1>	ProvisionallyRegistered
PaymentInstruction10	DirectDebitTransactionInformation	DrctDbtTxInf	1	*	ValueList<DirectDebitTransactionInformation13>	ProvisionallyRegistered
PaymentInstruction11	CreditTransferTransaction	CdtTrfTx	1	*	ValueList<CreditTransferTransaction10>	ProvisionallyRegistered
PaymentInstruction15	DirectDebitTransactionInformation	DrctDbtTxInf	1	*	ValueList<DirectDebitTransactionInformation18>	ProvisionallyRegistered
PaymentInstruction16	CreditTransferTransactionInformation	CdtTrfTxInf	1	*	ValueList<CreditTransferTransaction20>	ProvisionallyRegistered
PaymentInstruction17	CreditTransferTransaction	CdtTrfTx	1	*	ValueList<CreditTransferTransaction21>	ProvisionallyRegistered
PaymentInstruction18	DirectDebitTransactionInformation	DrctDbtTxInf	1	*	ValueList<DirectDebitTransactionInformation19>	ProvisionallyRegistered
PaymentInstruction19	CreditTransferTransaction	CdtTrfTx	1	*	ValueList<CreditTransferTransaction22>	ProvisionallyRegistered
PaymentInstruction20	CreditTransferTransactionInformation	CdtTrfTxInf	1	*	ValueList<CreditTransferTransaction26>	ProvisionallyRegistered
PaymentInstruction21	DirectDebitTransactionInformation	DrctDbtTxInf	1	*	ValueList<DirectDebitTransactionInformation22>	ProvisionallyRegistered
PaymentInstruction22	CreditTransferTransactionInformation	CdtTrfTxInf	1	*	ValueList<CreditTransferTransaction26>	ProvisionallyRegistered
PaymentInstruction23	CreditTransferTransaction	CdtTrfTx	1	*	ValueList<CreditTransferTransaction22>	ProvisionallyRegistered
PaymentInstruction24	CreditTransferTransactionInformation	CdtTrfTxInf	1	*	ValueList<CreditTransferTransaction27>	ProvisionallyRegistered
PaymentInstruction28	CreditTransferTransactionInformation	CdtTrfTxInf	1	*	ValueList<CreditTransferTransaction33>	ProvisionallyRegistered
PaymentInstruction29	DirectDebitTransactionInformation	DrctDbtTxInf	1	*	ValueList<DirectDebitTransactionInformation23>	ProvisionallyRegistered
PaymentInstruction30	CreditTransferTransactionInformation	CdtTrfTxInf	1	*	ValueList<CreditTransferTransaction34>	ProvisionallyRegistered
PaymentInstruction31	CreditTransferTransaction	CdtTrfTx	1	*	ValueList<CreditTransferTransaction35>	ProvisionallyRegistered
PaymentInstruction34	CreditTransferTransactionInformation	CdtTrfTxInf	1	*	ValueList<CreditTransferTransaction40>	ProvisionallyRegistered
PaymentInstruction35	CreditTransferTransaction	CdtTrfTx	1	*	ValueList<CreditTransferTransaction42>	ProvisionallyRegistered
PaymentInstruction36	CreditTransferTransactionInformation	CdtTrfTxInf	1	*	ValueList<CreditTransferTransaction41>	ProvisionallyRegistered
PaymentInstruction37	DirectDebitTransactionInformation	DrctDbtTxInf	1	*	ValueList<DirectDebitTransactionInformation23>	ProvisionallyRegistered
PaymentInstruction38	CreditTransferTransactionInformation	CdtTrfTxInf	1	*	ValueList<CreditTransferTransaction51>	ProvisionallyRegistered
PaymentInstruction39	DirectDebitTransactionInformation	DrctDbtTxInf	1	*	ValueList<DirectDebitTransactionInformation28>	ProvisionallyRegistered
PaymentInstruction40	CreditTransferTransactionInformation	CdtTrfTxInf	1	*	ValueList<CreditTransferTransaction54>	ProvisionallyRegistered
PaymentInstruction41	CreditTransferTransaction	CdtTrfTx	1	*	ValueList<CreditTransferTransaction55>	ProvisionallyRegistered
PaymentInstruction42	CreditTransferTransaction	CdtTrfTx	1	*	ValueList<CreditTransferTransaction57>	ProvisionallyRegistered
PaymentInstruction43	CreditTransferTransactionInformation	CdtTrfTxInf	1	*	ValueList<CreditTransferTransaction59>	ProvisionallyRegistered
PaymentInstruction44	CreditTransferTransactionInformation	CdtTrfTxInf	1	*	ValueList<CreditTransferTransaction61>	ProvisionallyRegistered
PaymentInstruction45	DirectDebitTransactionInformation	DrctDbtTxInf	1	*	ValueList<DirectDebitTransactionInformation32>	ProvisionallyRegistered
PaymentInstruction46	CreditTransferTransaction	CdtTrfTx	1	*	ValueList<CreditTransferTransaction65>	ProvisionallyRegistered
PaymentInstruction48	CreditTransferTransaction	CdtTrfTx	1	*	ValueList<CreditTransferTransaction74>	ProvisionallyRegistered
PaymentInstruction49	CreditTransferTransactionInformation	CdtTrfTxInf	1	*	ValueList<CreditTransferTransaction78>	ProvisionallyRegistered
PaymentInstruction5	CreditTransferTransaction	CdtTrfTx	1	*	ValueList<CreditTransferTransactionInformation14>	ProvisionallyRegistered
PaymentInstruction50	DirectDebitTransactionInformation	DrctDbtTxInf	1	*	ValueList<DirectDebitTransactionInformation34>	ProvisionallyRegistered
PaymentInstruction51	CreditTransferTransactionInformation	CdtTrfTxInf	1	*	ValueList<CreditTransferTransaction76>	ProvisionallyRegistered
PaymentInstruction6	CreditTransferTransactionInformation	CdtTrfTxInf	1	*	ValueList<CreditTransferTransaction1>	ProvisionallyRegistered
PaymentInstruction7	DirectDebitTransactionInformation	DrctDbtTxInf	1	*	ValueList<DirectDebitTransactionInformation11>	ProvisionallyRegistered
PaymentInstruction8	CreditTransferTransaction	CdtTrfTx	1	*	ValueList<CreditTransferTransaction5>	ProvisionallyRegistered
PaymentInstruction9	CreditTransferTransactionInformation	CdtTrfTxInf	1	*	ValueList<CreditTransferTransaction6>	ProvisionallyRegistered
PaymentInstructionInformation1	CreditTransferTransactionInformation	CdtTrfTxInf	1	*	ValueList<CreditTransferTransactionInformation1>	ProvisionallyRegistered
PaymentInstructionInformation2	DirectDebitTransactionInformation	DrctDbtTxInf	1	*	ValueList<DirectDebitTransactionInformation1>	ProvisionallyRegistered
PaymentInstructionInformation3	CreditTransferTransactionInformation	CdtTrfTxInf	1	*	ValueList<CreditTransferTransactionInformation10>	ProvisionallyRegistered
PaymentInstructionInformation4	DirectDebitTransactionInformation	DrctDbtTxInf	1	*	ValueList<DirectDebitTransactionInformation9>	ProvisionallyRegistered
PaymentInstrument8	CashAccountDetails	CshAcctDtls	1	3	ValueList<CashAccount4>	ProvisionallyRegistered
PaymentInstrument9	CashAccountDetails	CshAcctDtls	1	3	ValueList<CashAccount4>	ProvisionallyRegistered
PaymentInstrumentType1	AuthorityRequestType	AuthrtyReqTp	1	*	ValueList<AuthorityRequestType1>	ProvisionallyRegistered
PointOfInteractionCapabilities4	CardReadingCapabilities	CardRdngCpblties	1	*	SimpleValueList<CardDataReading2Code>	ProvisionallyRegistered
PointOfInteractionComponentAssessment1	Assigner	Assgnr	1	*	SimpleValueList<string>	ProvisionallyRegistered
PortfolioBalance1	DetailedBalance	DtldBal	1	*	ValueList<BalanceDetails6>	ProvisionallyRegistered
PortfolioBalance1	SummaryBalance	SummryBal	1	*	ValueList<BalanceDetails5>	ProvisionallyRegistered
PositionAccount2	Position	Pos	1	*	ValueList<Position1>	ProvisionallyRegistered
PreviousYear1	SpecificPreviousYears	SpcfcPrvsYrs	1	*	SimpleValueList<ushort>	ProvisionallyRegistered
PriceReport1	PriceValuationDetails	PricValtnDtls	1	*	ValueList<PriceValuation2>	ProvisionallyRegistered
PriceReport2	PriceValuationDetails	PricValtnDtls	1	*	ValueList<PriceValuation3>	ProvisionallyRegistered
PriceReport3	PriceValuationDetails	PricValtnDtls	1	*	ValueList<PriceValuation4>	ProvisionallyRegistered
PriceReport4	PriceValuationDetails	PricValtnDtls	1	*	ValueList<PriceValuation5>	ProvisionallyRegistered
ProcessingCharacteristics2	DealingCurrencyAccepted	DealgCcyAccptd	1	*	SimpleValueList<string>	ProvisionallyRegistered
ProcessingCharacteristics3	DealingCurrencyAccepted	DealgCcyAccptd	1	*	SimpleValueList<string>	ProvisionallyRegistered
Proxy1	ProxyType	PrxyTp	1	2	SimpleValueList<ProxyType2Code>	ProvisionallyRegistered
Proxy3	ProxyType	PrxyTp	1	2	SimpleValueList<ProxyType2Code>	ProvisionallyRegistered
Proxy5	ProxyType	PrxyTp	1	2	SimpleValueList<ProxyType2Code>	ProvisionallyRegistered
QualifiedPartyIdentification1	Party	Pty	1	*	ValueList<SingleQualifiedPartyIdentification1>	ProvisionallyRegistered
ReconciliationCounterpartyPairStatistics6	ReconciliationReport	RcncltnRpt	1	*	ValueList<ReconciliationReport14>	ProvisionallyRegistered
ReconciliationCounterpartyPairStatistics7	ReconciliationReport	RcncltnRpt	1	*	ValueList<ReconciliationReport15>	ProvisionallyRegistered
ReconciliationList1	Item	Itm	1	*	ValueList<FinancialItem1>	ProvisionallyRegistered
RecordTechnicalData1	ExchangeReason	XchgRsn	1	*	SimpleValueList<AuthorityExchangeReason1Code>	ProvisionallyRegistered
RecordTechnicalData5	ExchangeReason	XchgRsn	1	*	SimpleValueList<ExternalAuthorityExchangeReason1Code>	ProvisionallyRegistered
RedemptionBulkExecution06	IndividualExecutionDetails	IndvExctnDtls	1	*	ValueList<RedemptionExecution18>	ProvisionallyRegistered
RedemptionBulkExecution2	IndividualExecutionDetails	IndvExctnDtls	1	*	ValueList<RedemptionExecution3>	ProvisionallyRegistered
RedemptionBulkExecution3	IndividualExecutionDetails	IndvExctnDtls	1	*	ValueList<RedemptionExecution5>	ProvisionallyRegistered
RedemptionBulkExecution5	IndividualExecutionDetails	IndvExctnDtls	1	*	ValueList<RedemptionExecution16>	ProvisionallyRegistered
RedemptionBulkOrder08	IndividualOrderDetails	IndvOrdrDtls	1	*	ValueList<RedemptionOrder17>	ProvisionallyRegistered
RedemptionBulkOrder2	IndividualOrderDetails	IndvOrdrDtls	1	*	ValueList<RedemptionOrder3>	ProvisionallyRegistered
RedemptionBulkOrder3	IndividualOrderDetails	IndvOrdrDtls	1	*	ValueList<RedemptionOrder5>	ProvisionallyRegistered
RedemptionBulkOrder4	IndividualOrderDetails	IndvOrdrDtls	1	*	ValueList<RedemptionOrder7>	ProvisionallyRegistered
RedemptionBulkOrder6	IndividualOrderDetails	IndvOrdrDtls	1	*	ValueList<RedemptionOrder15>	ProvisionallyRegistered
RedemptionMultipleExecution07	IndividualExecutionDetails	IndvExctnDtls	1	*	ValueList<RedemptionExecution19>	ProvisionallyRegistered
RedemptionMultipleExecution2	IndividualExecutionDetails	IndvExctnDtls	1	*	ValueList<RedemptionExecution4>	ProvisionallyRegistered
RedemptionMultipleExecution3	IndividualExecutionDetails	IndvExctnDtls	1	*	ValueList<RedemptionExecution6>	ProvisionallyRegistered
RedemptionMultipleExecution5	IndividualExecutionDetails	IndvExctnDtls	1	*	ValueList<RedemptionExecution15>	ProvisionallyRegistered
RedemptionMultipleExecution6	IndividualExecutionDetails	IndvExctnDtls	1	*	ValueList<RedemptionExecution17>	ProvisionallyRegistered
RedemptionMultipleOrder07	IndividualOrderDetails	IndvOrdrDtls	1	*	ValueList<RedemptionOrder18>	ProvisionallyRegistered
RedemptionMultipleOrder2	IndividualOrderDetails	IndvOrdrDtls	1	*	ValueList<RedemptionOrder4>	ProvisionallyRegistered
RedemptionMultipleOrder3	IndividualOrderDetails	IndvOrdrDtls	1	*	ValueList<RedemptionOrder6>	ProvisionallyRegistered
RedemptionMultipleOrder4	IndividualOrderDetails	IndvOrdrDtls	1	*	ValueList<RedemptionOrder8>	ProvisionallyRegistered
RedemptionMultipleOrder6	IndividualOrderDetails	IndvOrdrDtls	1	*	ValueList<RedemptionOrder14>	ProvisionallyRegistered
References3	RequestReason	ReqRsn	1	*	SimpleValueList<string>	ProvisionallyRegistered
References6	RejectionReason	RjctnRsn	1	*	SimpleValueList<string>	ProvisionallyRegistered
RegisteredContract1	RegisteredContractAmendment	RegdCtrctAmdmnt	1	*	ValueList<RegisteredContract3>	ProvisionallyRegistered
RegisteredContract13	RegisteredContractAmendment	RegdCtrctAmdmnt	1	*	ValueList<RegisteredContract14>	ProvisionallyRegistered
RegisteredContract16	RegisteredContractAmendment	RegdCtrctAmdmnt	1	*	ValueList<RegisteredContract17>	ProvisionallyRegistered
RegisteredContract9	RegisteredContractAmendment	RegdCtrctAmdmnt	1	*	ValueList<RegisteredContract10>	ProvisionallyRegistered
RegulatoryReportingNotification1	TransactionCertificate	TxCert	1	*	ValueList<TransactionCertificate1>	ProvisionallyRegistered
RegulatoryReportingNotification2	TransactionCertificate	TxCert	1	*	ValueList<TransactionCertificate3>	ProvisionallyRegistered
RegulatoryReportingNotification3	TransactionCertificate	TxCert	1	*	ValueList<TransactionCertificate4>	ProvisionallyRegistered
RegulatoryReportingNotification4	TransactionCertificate	TxCert	1	*	ValueList<TransactionCertificate4>	ProvisionallyRegistered
RegulatoryStipulations1	Stipulations	Stiptns	1	*	SimpleValueList<string>	ProvisionallyRegistered
RejectedStatus3	DataSourceScheme	DataSrcSchme	1	10	ValueList<GenericIdentification1>	ProvisionallyRegistered
RejectedStatus3	Reason	Rsn	1	10	ValueList<RejectedStatusReason6>	ProvisionallyRegistered
RemittanceLocation10	RemittanceLocationDetails	RmtLctnDtls	1	*	ValueList<RemittanceLocationData2>	ProvisionallyRegistered
RemittanceLocation3	RemittanceLocationDetails	RmtLctnDtls	1	*	ValueList<RemittanceLocationDetails1>	ProvisionallyRegistered
RemittanceLocation5	RemittanceLocationDetails	RmtLctnDtls	1	*	ValueList<RemittanceLocationData1>	ProvisionallyRegistered
Report5	SettlementObligationDetails	SttlmOblgtnDtls	1	*	ValueList<SettlementObligation8>	ProvisionallyRegistered
Report7	SettlementObligationDetails	SttlmOblgtnDtls	1	*	ValueList<SettlementObligation9>	ProvisionallyRegistered
ReportLine4	BreakdownByPurchaseOrder	BrkdwnByPurchsOrdr	1	*	ValueList<ReportLine2>	ProvisionallyRegistered
ReportLine6	BreakdownByPurchaseOrder	BrkdwnByPurchsOrdr	1	*	ValueList<ReportLine7>	ProvisionallyRegistered
ReportStatusAndReason1	Rejected	Rjctd	1	100	ValueList<RejectedStatusReason9Choice_>	ProvisionallyRegistered
ReportStatusAndReason2	Rejected	Rjctd	1	100	ValueList<RejectedCancellationStatusReason1Choice_>	ProvisionallyRegistered
ReportTransactionRequest1	SearchCriteria	SchCrit	1	*	ValueList<SearchCriteria1>	ProvisionallyRegistered
RequestDetails5	ReportKey	RptKey	1	*	ValueList<RequestDetails4>	ProvisionallyRegistered
RequestType1	Type	Tp	1	*	SimpleValueList<TransactionRequestType1Code>	ProvisionallyRegistered
RequiredSubmission2	Submitter	Submitr	1	*	ValueList<BICIdentification1>	ProvisionallyRegistered
RequiredSubmission3	Submitter	Submitr	1	*	ValueList<BICIdentification1>	ProvisionallyRegistered
RequiredSubmission4	Submitter	Submitr	1	*	ValueList<BICIdentification1>	ProvisionallyRegistered
RequiredSubmission5	Submitter	Submitr	1	*	ValueList<BICIdentification1>	ProvisionallyRegistered
RequiredSubmission6	Submitter	Submitr	1	*	ValueList<BICIdentification1>	ProvisionallyRegistered
Response1	ResponseTypeDetails	RspnTpDtls	1	*	ValueList<ResponseType1Choice_>	ProvisionallyRegistered
ReuseDataReportCorrection7	CollateralComponent	CollCmpnt	1	*	ValueList<CollateralType12>	ProvisionallyRegistered
ReuseDataReportNew3	CollateralComponent	CollCmpnt	1	*	ValueList<CollateralType12>	ProvisionallyRegistered
SafekeepingAccount10	InstructedBalance	InstdBal	1	15	ValueList<HoldingBalance10>	ProvisionallyRegistered
SafekeepingAccount12	InstructedBalance	InstdBal	1	15	ValueList<HoldingBalance10>	ProvisionallyRegistered
SafekeepingAccount13	InstructedBalance	InstdBal	1	15	ValueList<HoldingBalance10>	ProvisionallyRegistered
SafekeepingAccount14	InstructedBalance	InstdBal	1	15	ValueList<HoldingBalance10>	ProvisionallyRegistered
SafekeepingAccount15	InstructedBalance	InstdBal	1	15	ValueList<HoldingBalance12>	ProvisionallyRegistered
SafekeepingAccount16	InstructedBalance	InstdBal	1	15	ValueList<HoldingBalance12>	ProvisionallyRegistered
SafekeepingAccount20	InstructedBalance	InstdBal	1	15	ValueList<HoldingBalance15>	ProvisionallyRegistered
SafekeepingAccount3	InstructedBalance	InstdBal	1	10	ValueList<HoldingBalance4>	ProvisionallyRegistered
SafekeepingAccount4	InstructedBalance	InstdBal	1	10	ValueList<HoldingBalance5>	ProvisionallyRegistered
SafekeepingAccount6	InstructedBalance	InstdBal	1	10	ValueList<HoldingBalance8>	ProvisionallyRegistered
SafekeepingAccount9	InstructedBalance	InstdBal	1	15	ValueList<HoldingBalance10>	ProvisionallyRegistered
ScenarioDefinition1	StressItem	StrssItm	1	2	ValueList<StressItem1>	ProvisionallyRegistered
ScenarioDefinition2	StressItem	StrssItm	1	*	ValueList<StressItem1>	ProvisionallyRegistered
ScenarioStressTestResult1	PortfolioStressTestResult	PrtflStrssTstRslt	1	*	ValueList<PortfolioStressTestResult1>	ProvisionallyRegistered
SearchCriteria1	SearchOr	SchOr	1	*	ValueList<SearchOr1>	ProvisionallyRegistered
SearchOr1	SearchAnd	SchAnd	1	*	ValueList<SearchAnd1>	ProvisionallyRegistered
SearchOutputOrder1	CriteriaOrder	CritOrdr	1	*	ValueList<CriteriaOrder1>	ProvisionallyRegistered
SecuritiesCancellation2	Cancellation	Cxl	1	*	ValueList<SecuritiesCancellationTransaction2>	ProvisionallyRegistered
SecuritiesModification2	Modification	Mod	1	*	ValueList<SecuritiesModificationTransaction2>	ProvisionallyRegistered
SecuritiesNonTradingDayReport1	NonWorkingDay	NonWorkgDay	1	*	ValueList<SecuritiesNonTradingDay1>	ProvisionallyRegistered
SecuritiesProceeds1	AccountDetails	AcctDtls	1	2	ValueList<SecuritiesAccount10>	ProvisionallyRegistered
SecuritiesReferenceDataReport5	TradingVenueRelatedAttributes	TradgVnRltdAttrbts	1	*	ValueList<TradingVenueAttributes1>	ProvisionallyRegistered
SecuritiesReferenceDataReport6	TradingVenueRelatedAttributes	TradgVnRltdAttrbts	1	*	ValueList<TradingVenueAttributes1>	ProvisionallyRegistered
SecuritiesReferenceDataReport7	TradingVenueRelatedAttributes	TradgVnRltdAttrbts	1	*	ValueList<TradingVenueAttributes2>	ProvisionallyRegistered
SecuritiesSettlementTransactions6	Transaction	Tx	1	*	ValueList<Transaction169>	ProvisionallyRegistered
SecurityIdentification1	RegisteredDistributionCountry	RegdDstrbtnCtry	1	*	SimpleValueList<string>	ProvisionallyRegistered
SecurityMovement1	AccountDetails	AcctDtls	1	2	ValueList<SecuritiesAccount12>	ProvisionallyRegistered
ServiceProviderParameters1	ServiceProviderIdentification	SvcPrvdrId	1	*	ValueList<GenericIdentification176>	ProvisionallyRegistered
ServiceProviderParameters2	ServiceProviderIdentification	SvcPrvdrId	1	*	ValueList<GenericIdentification176>	ProvisionallyRegistered
ServiceProviderParameters3	ServiceProviderIdentification	SvcPrvdrId	1	*	ValueList<GenericIdentification176>	ProvisionallyRegistered
ServiceProviderParameters4	ServiceProviderIdentification	SvcPrvdrId	1	*	ValueList<GenericIdentification176>	ProvisionallyRegistered
ServiceProviderParameters5	ServiceProviderIdentification	SvcPrvdrId	1	*	ValueList<GenericIdentification176>	ProvisionallyRegistered
SettlementAgent1	Account	Acct	1	*	ValueList<PaymentAccount1>	ProvisionallyRegistered
SettlementAgent2	Account	Acct	1	*	ValueList<PaymentAccount4>	ProvisionallyRegistered
SettlementFailsParticipantRange1	HighestInValue	HghstInVal	1	*	ValueList<SettlementFailsParticipant1>	ProvisionallyRegistered
SettlementFailsParticipantRange1	HighestInVolume	HghstInVol	1	*	ValueList<SettlementFailsParticipant1>	ProvisionallyRegistered
SettlementFailsSecuritiesRange1	HighestInValue	HghstInVal	1	*	ValueList<SettlementFailsSecurities1>	ProvisionallyRegistered
SettlementFailsSecuritiesRange1	HighestInVolume	HghstInVol	1	*	ValueList<SettlementFailsSecurities1>	ProvisionallyRegistered
SettlementFailureReason3	Description	Desc	1	*	ValueList<SettlementFailureReason2>	ProvisionallyRegistered
SignedData1	DigestAlgorithm	DgstAlgo	1	*	ValueList<AlgorithmIdentification1>	ProvisionallyRegistered
SignedData1	Signer	Sgnr	1	*	ValueList<Signer1>	ProvisionallyRegistered
SignedData2	DigestAlgorithm	DgstAlgo	1	*	ValueList<AlgorithmIdentification5>	ProvisionallyRegistered
SignedData2	Signer	Sgnr	1	*	ValueList<Signer2>	ProvisionallyRegistered
SignedData3	DigestAlgorithm	DgstAlgo	1	*	ValueList<AlgorithmIdentification5>	ProvisionallyRegistered
SignedData3	Signer	Sgnr	1	*	ValueList<Signer2>	ProvisionallyRegistered
SignedData4	DigestAlgorithm	DgstAlgo	1	*	ValueList<AlgorithmIdentification16>	ProvisionallyRegistered
SignedData4	Signer	Sgnr	1	*	ValueList<Signer3>	ProvisionallyRegistered
StatementGroup1	BillingStatement	BllgStmt	1	*	ValueList<BillingStatement1>	ProvisionallyRegistered
StatementGroup2	BillingStatement	BllgStmt	1	*	ValueList<BillingStatement2>	ProvisionallyRegistered
StatementGroup3	BillingStatement	BllgStmt	1	*	ValueList<BillingStatement3>	ProvisionallyRegistered
StatementGroup4	BillingStatement	BllgStmt	1	*	ValueList<BillingStatement4>	ProvisionallyRegistered
StatementGroup5	BillingStatement	BllgStmt	1	*	ValueList<BillingStatement5>	ProvisionallyRegistered
StatusReport1	DataSet	DataSet	1	*	ValueList<TerminalManagementDataSet1>	ProvisionallyRegistered
StatusReport2	DataSet	DataSet	1	*	ValueList<TerminalManagementDataSet4>	ProvisionallyRegistered
StatusReport3	DataSet	DataSet	1	*	ValueList<TerminalManagementDataSet9>	ProvisionallyRegistered
StatusReportItems2	ReportedEntity	RptdNtty	1	2	ValueList<BICIdentification1>	ProvisionallyRegistered
StoredValueRequest2	Data	Data	1	*	ValueList<StoredValueData2>	ProvisionallyRegistered
StoredValueRequest3	Data	Data	1	*	ValueList<StoredValueData3>	ProvisionallyRegistered
StoredValueRequest4	Data	Data	1	*	ValueList<StoredValueData4>	ProvisionallyRegistered
StoredValueRequest5	Data	Data	1	*	ValueList<StoredValueData5>	ProvisionallyRegistered
StoredValueRequest6	Data	Data	1	*	ValueList<StoredValueData6>	ProvisionallyRegistered
StoredValueRequest7	Data	Data	1	*	ValueList<StoredValueData7>	ProvisionallyRegistered
StoredValueRequest8	Data	Data	1	*	ValueList<StoredValueData8>	ProvisionallyRegistered
StoredValueRequest9	Data	Data	1	*	ValueList<StoredValueData9>	ProvisionallyRegistered
SubscriptionBulkExecution05	IndividualExecutionDetails	IndvExctnDtls	1	*	ValueList<SubscriptionExecution15>	ProvisionallyRegistered
SubscriptionBulkExecution2	IndividualExecutionDetails	IndvExctnDtls	1	*	ValueList<SubscriptionExecution3>	ProvisionallyRegistered
SubscriptionBulkExecution3	IndividualExecutionDetails	IndvExctnDtls	1	*	ValueList<SubscriptionExecution5>	ProvisionallyRegistered
SubscriptionBulkExecution4	IndividualExecutionDetails	IndvExctnDtls	1	*	ValueList<SubscriptionExecution12>	ProvisionallyRegistered
SubscriptionBulkOrder06	IndividualOrderDetails	IndvOrdrDtls	1	*	ValueList<SubscriptionOrder16>	ProvisionallyRegistered
SubscriptionBulkOrder2	IndividualOrderDetails	IndvOrdrDtls	1	*	ValueList<SubscriptionOrder3>	ProvisionallyRegistered
SubscriptionBulkOrder3	IndividualOrderDetails	IndvOrdrDtls	1	*	ValueList<SubscriptionOrder5>	ProvisionallyRegistered
SubscriptionBulkOrder4	IndividualOrderDetails	IndvOrdrDtls	1	*	ValueList<SubscriptionOrder7>	ProvisionallyRegistered
SubscriptionBulkOrder5	IndividualOrderDetails	IndvOrdrDtls	1	*	ValueList<SubscriptionOrder15>	ProvisionallyRegistered
SubscriptionMultipleExecution2	IndividualExecutionDetails	IndvExctnDtls	1	*	ValueList<SubscriptionExecution4>	ProvisionallyRegistered
SubscriptionMultipleExecution3	IndividualExecutionDetails	IndvExctnDtls	1	*	ValueList<SubscriptionExecution6>	ProvisionallyRegistered
SubscriptionMultipleExecution5	IndividualExecutionDetails	IndvExctnDtls	1	*	ValueList<SubscriptionExecution13>	ProvisionallyRegistered
SubscriptionMultipleExecution6	IndividualExecutionDetails	IndvExctnDtls	1	*	ValueList<SubscriptionExecution14>	ProvisionallyRegistered
SubscriptionMultipleExecution7	IndividualExecutionDetails	IndvExctnDtls	1	*	ValueList<SubscriptionExecution16>	ProvisionallyRegistered
SubscriptionMultipleOrder2	IndividualOrderDetails	IndvOrdrDtls	1	*	ValueList<SubscriptionOrder4>	ProvisionallyRegistered
SubscriptionMultipleOrder3	IndividualOrderDetails	IndvOrdrDtls	1	*	ValueList<SubscriptionOrder6>	ProvisionallyRegistered
SubscriptionMultipleOrder4	IndividualOrderDetails	IndvOrdrDtls	1	*	ValueList<SubscriptionOrder8>	ProvisionallyRegistered
SubscriptionMultipleOrder6	IndividualOrderDetails	IndvOrdrDtls	1	*	ValueList<SubscriptionOrder14>	ProvisionallyRegistered
SubscriptionMultipleOrder7	IndividualOrderDetails	IndvOrdrDtls	1	*	ValueList<SubscriptionOrder17>	ProvisionallyRegistered
SupportingDocument1	Entry	Ntry	1	*	ValueList<SupportingDocumentEntry1>	ProvisionallyRegistered
SupportingDocument2	Entry	Ntry	1	*	ValueList<SupportingDocumentEntry1>	ProvisionallyRegistered
SupportingDocument3	Entry	Ntry	1	*	ValueList<SupportingDocumentEntry2>	ProvisionallyRegistered
SupportingDocument4	Entry	Ntry	1	*	ValueList<SupportingDocumentEntry2>	ProvisionallyRegistered
SuspendedStatus2	ReasonDetails	RsnDtls	1	5	ValueList<SuspendedStatusReason2>	ProvisionallyRegistered
SuspendedStatusReason1	Structured	Strd	1	3	SimpleValueList<SuspendedStatusReason2Code>	ProvisionallyRegistered
SwitchExecution3	RedemptionLegDetails	RedLegDtls	1	*	ValueList<SwitchRedemptionLegExecution2>	ProvisionallyRegistered
SwitchExecution3	SubscriptionLegDetails	SbcptLegDtls	1	*	ValueList<SwitchSubscriptionLegExecution2>	ProvisionallyRegistered
SwitchExecution4	RedemptionLegDetails	RedLegDtls	1	*	ValueList<SwitchRedemptionLegExecution3>	ProvisionallyRegistered
SwitchExecution4	SubscriptionLegDetails	SbcptLegDtls	1	*	ValueList<SwitchSubscriptionLegExecution3>	ProvisionallyRegistered
SwitchExecution7	RedemptionLegDetails	RedLegDtls	1	*	ValueList<SwitchRedemptionLegExecution4>	ProvisionallyRegistered
SwitchExecution7	SubscriptionLegDetails	SbcptLegDtls	1	*	ValueList<SwitchSubscriptionLegExecution4>	ProvisionallyRegistered
SwitchExecution8	RedemptionLegDetails	RedLegDtls	1	*	ValueList<SwitchRedemptionLegExecution5>	ProvisionallyRegistered
SwitchExecution8	SubscriptionLegDetails	SbcptLegDtls	1	*	ValueList<SwitchSubscriptionLegExecution5>	ProvisionallyRegistered
SwitchOrder2	RedemptionLegDetails	RedLegDtls	1	*	ValueList<SwitchRedemptionLegOrder2>	ProvisionallyRegistered
SwitchOrder2	SubscriptionLegDetails	SbcptLegDtls	1	*	ValueList<SwitchSubscriptionLegOrder2>	ProvisionallyRegistered
SwitchOrder3	RedemptionLegDetails	RedLegDtls	1	*	ValueList<SwitchRedemptionLegOrder3>	ProvisionallyRegistered
SwitchOrder3	SubscriptionLegDetails	SbcptLegDtls	1	*	ValueList<SwitchSubscriptionLegOrder3>	ProvisionallyRegistered
SwitchOrder4	RedemptionLegDetails	RedLegDtls	1	*	ValueList<SwitchRedemptionLegOrder3>	ProvisionallyRegistered
SwitchOrder4	SubscriptionLegDetails	SbcptLegDtls	1	*	ValueList<SwitchSubscriptionLegOrder3>	ProvisionallyRegistered
SwitchOrder7	RedemptionLegDetails	RedLegDtls	1	*	ValueList<SwitchRedemptionLegOrder6>	ProvisionallyRegistered
SwitchOrder7	SubscriptionLegDetails	SbcptLegDtls	1	*	ValueList<SwitchSubscriptionLegOrder6>	ProvisionallyRegistered
SwitchOrder8	RedemptionLegDetails	RedLegDtls	1	*	ValueList<SwitchRedemptionLegOrder7>	ProvisionallyRegistered
SwitchOrder8	SubscriptionLegDetails	SbcptLegDtls	1	*	ValueList<SwitchSubscriptionLegOrder7>	ProvisionallyRegistered
SwitchOrderConfirmation1	SwitchExecutionDetails	SwtchExctnDtls	1	*	ValueList<SwitchExecution4>	ProvisionallyRegistered
SwitchOrderInstruction2	SwitchOrderDetails	SwtchOrdrDtls	1	*	ValueList<SwitchOrder3>	ProvisionallyRegistered
SwitchOrderStatusAndReason1	Rejected	Rjctd	1	10	ValueList<RejectedStatus6>	ProvisionallyRegistered
TMSProtocolParameters1	MaintenanceService	MntncSvc	1	*	SimpleValueList<DataSetCategory5Code>	ProvisionallyRegistered
TMSProtocolParameters2	MaintenanceService	MntncSvc	1	*	SimpleValueList<DataSetCategory10Code>	ProvisionallyRegistered
TMSProtocolParameters3	MaintenanceService	MntncSvc	1	*	SimpleValueList<DataSetCategory10Code>	ProvisionallyRegistered
TMSProtocolParameters4	MaintenanceService	MntncSvc	1	*	SimpleValueList<DataSetCategory10Code>	ProvisionallyRegistered
TMSProtocolParameters5	MaintenanceService	MntncSvc	1	*	SimpleValueList<DataSetCategory10Code>	ProvisionallyRegistered
TMSProtocolParameters6	MaintenanceService	MntncSvc	1	*	SimpleValueList<DataSetCategory10Code>	ProvisionallyRegistered
TMSProtocolParameters7	MaintenanceService	MntncSvc	1	*	SimpleValueList<DataSetCategory10Code>	ProvisionallyRegistered
TMSProtocolParameters8	MaintenanceService	MntncSvc	1	*	SimpleValueList<DataSetCategory10Code>	ProvisionallyRegistered
TaxCalculation1	TaxIdentification	TaxId	1	3	ValueList<BillingServicesTax3>	ProvisionallyRegistered
TaxCalculation1	TaxableServiceChargeConversion	TaxblSvcChrgConvs	1	*	ValueList<BillingServicesAmount3>	ProvisionallyRegistered
TerminalPackageType1	Package	Packg	1	*	ValueList<PackageType1>	ProvisionallyRegistered
TerminalPackageType2	Package	Packg	1	*	ValueList<PackageType2>	ProvisionallyRegistered
TerminalPackageType3	Package	Packg	1	*	ValueList<PackageType3>	ProvisionallyRegistered
TerminalPackageType4	Package	Packg	1	*	ValueList<PackageType4>	ProvisionallyRegistered
TerminalPackageType5	Package	Packg	1	*	ValueList<PackageType5>	ProvisionallyRegistered
TotalCharges2	ChargeDetails	ChrgDtls	1	*	ValueList<Charge10>	ProvisionallyRegistered
TotalCharges3	ChargeDetails	ChrgDtls	1	*	ValueList<Charge18>	ProvisionallyRegistered
TotalCharges5	ChargeDetails	ChrgDtls	1	4	ValueList<Charge23>	ProvisionallyRegistered
TotalCommissions2	CommissionDetails	ComssnDtls	1	*	ValueList<Commission6>	ProvisionallyRegistered
TotalCommissions3	CommissionDetails	ComssnDtls	1	*	ValueList<Commission10>	ProvisionallyRegistered
TotalTaxes2	TaxDetails	TaxDtls	1	*	ValueList<Tax7>	ProvisionallyRegistered
TrackerData1	TrackerRecord	TrckrRcrd	1	*	ValueList<TrackerRecord1>	ProvisionallyRegistered
TrackerData7	TrackerRecord	TrckrRcrd	1	*	ValueList<TrackerRecord5>	ProvisionallyRegistered
TrackerStatusAndTransaction18	Transaction	Tx	1	*	ValueList<TrackerPaymentTransaction14>	ProvisionallyRegistered
TrackerStatusAndTransaction19	Transaction	Tx	1	*	ValueList<TrackerPaymentTransaction14>	ProvisionallyRegistered
TrackerStatusAndTransaction21	Transaction	Tx	1	*	ValueList<TrackerPaymentTransaction15>	ProvisionallyRegistered
TrackerStatusAndTransaction22	Transaction	Tx	1	*	ValueList<TrackerPaymentTransaction15>	ProvisionallyRegistered
TradeContract1	Buyer	Buyr	1	*	ValueList<TradeParty2>	ProvisionallyRegistered
TradeContract1	Seller	Sellr	1	*	ValueList<TradeParty2>	ProvisionallyRegistered
TradeContract2	Buyer	Buyr	1	*	ValueList<TradeParty5>	ProvisionallyRegistered
TradeContract2	Seller	Sellr	1	*	ValueList<TradeParty5>	ProvisionallyRegistered
TradeContract3	Buyer	Buyr	1	*	ValueList<TradeParty5>	ProvisionallyRegistered
TradeContract3	Seller	Sellr	1	*	ValueList<TradeParty5>	ProvisionallyRegistered
TradeContract4	Buyer	Buyr	1	*	ValueList<TradeParty6>	ProvisionallyRegistered
TradeContract4	Seller	Sellr	1	*	ValueList<TradeParty6>	ProvisionallyRegistered
TradeCounterpartyReport14	Beneficiary	Bnfcry	1	2	ValueList<PartyIdentification235Choice_>	ProvisionallyRegistered
TradeData20	ReportStatistics	RptSttstcs	1	*	ValueList<DetailedReportStatistics5>	ProvisionallyRegistered
TradeData20	TransactionStatistics	TxSttstcs	1	*	ValueList<DetailedTransactionStatistics10>	ProvisionallyRegistered
TradeData21	ReconciliationReport	RcncltnRpt	1	*	ValueList<ReconciliationReport5>	ProvisionallyRegistered
TradeData23	CounterpartySpecificData	CtrPtySpcfcData	1	2	ValueList<CounterpartySpecificData29>	ProvisionallyRegistered
TradeData28	ReconciliationReport	RcncltnRpt	1	*	ValueList<ReconciliationReport8>	ProvisionallyRegistered
TradeData29	ReportStatistics	RptSttstcs	1	*	ValueList<DetailedReportStatistics5>	ProvisionallyRegistered
TradeData29	TransactionStatistics	TxSttstcs	1	*	ValueList<DetailedTransactionStatistics2Choice_>	ProvisionallyRegistered
TradeData42	CounterpartySpecificData	CtrPtySpcfcData	1	2	ValueList<CounterpartySpecificData36>	ProvisionallyRegistered
TradeDataReport1	CounterpartySpecificData	CtrPtySpcfcData	1	2	ValueList<CounterpartySpecificData22>	ProvisionallyRegistered
TradeDataReport2	TradeData	TradData	1	*	ValueList<TradeData44>	ProvisionallyRegistered
TradeLegStatement3	TradeLegsDetails	TradLegsDtls	1	*	ValueList<TradeLeg9>	ProvisionallyRegistered
TradeLegStatement4	TradeLegsDetails	TradLegsDtls	1	*	ValueList<TradeLeg12>	ProvisionallyRegistered
TradeLegStatement5	TradeLegsDetails	TradLegsDtls	1	*	ValueList<TradeLeg15>	ProvisionallyRegistered
TradeNewPosition5	CounterpartySpecificData	CtrPtySpcfcData	1	2	ValueList<CounterpartySpecificData21>	ProvisionallyRegistered
TradeNewTransaction10	CounterpartySpecificData	CtrPtySpcfcData	1	2	ValueList<CounterpartySpecificData24>	ProvisionallyRegistered
TradePositionComponent5	CounterpartySpecificData	CtrPtySpcfcData	1	2	ValueList<CounterpartySpecificData24>	ProvisionallyRegistered
TradePositionEarlyTermination5	CounterpartySpecificData	CtrPtySpcfcData	1	2	ValueList<CounterpartySpecificData22>	ProvisionallyRegistered
TradePositionOther5	CounterpartySpecificData	CtrPtySpcfcData	1	2	ValueList<CounterpartySpecificData22>	ProvisionallyRegistered
TradePositionValuationUpdate5	CounterpartySpecificData	CtrPtySpcfcData	1	2	ValueList<CounterpartySpecificData23>	ProvisionallyRegistered
TradeRecurrentQuery7	Frequency	Frqcy	1	*	ValueList<TradeQueryExecutionFrequency3>	ProvisionallyRegistered
TradeStateReport10	CounterpartySpecificData	CtrPtySpcfcData	1	2	ValueList<CounterpartySpecificData22>	ProvisionallyRegistered
TradeStateReport12	CounterpartySpecificData	CtrPtySpcfcData	1	2	ValueList<CounterpartySpecificData29>	ProvisionallyRegistered
TradeStateReport22	CounterpartySpecificData	CtrPtySpcfcData	1	2	ValueList<CounterpartySpecificData36>	ProvisionallyRegistered
TradeTransactionEarlyTermination5	CounterpartySpecificData	CtrPtySpcfcData	1	2	ValueList<CounterpartySpecificData22>	ProvisionallyRegistered
TradeTransactionOther6	CounterpartySpecificData	CtrPtySpcfcData	1	2	ValueList<CounterpartySpecificData22>	ProvisionallyRegistered
TradeTransactionStatusAndReason1	Rejected	Rjctd	1	100	ValueList<RejectedStatusReason9Choice_>	ProvisionallyRegistered
TradeTransactionStatusAndReason2	Rejected	Rjctd	1	100	ValueList<RejectedCancellationStatusReason1Choice_>	ProvisionallyRegistered
TradeTransactionValuationUpdate5	CounterpartySpecificData	CtrPtySpcfcData	1	2	ValueList<CounterpartySpecificData23>	ProvisionallyRegistered
Transaction101	ErrorDetail	ErrDtl	1	*	ValueList<ErrorDetails1>	ProvisionallyRegistered
Transaction102	AmendedData	AmddData	1	*	ValueList<DetailedError1>	ProvisionallyRegistered
Transaction155	ErrorDetail	ErrDtl	1	*	ValueList<ErrorDetails2>	ProvisionallyRegistered
TransactionCertificate1	CertificateRecord	CertRcrd	1	*	ValueList<TransactionCertificateRecord1>	ProvisionallyRegistered
TransactionCertificate3	CertificateRecord	CertRcrd	1	*	ValueList<TransactionCertificateRecord1>	ProvisionallyRegistered
TransactionCertificate4	CertificateRecord	CertRcrd	1	*	ValueList<TransactionCertificateRecord2>	ProvisionallyRegistered
TransactionReconciliation1	TransactionTotals	TxTtls	1	*	ValueList<TransactionTotals1>	ProvisionallyRegistered
Transactions10	TransactionReport	TxRpt	1	*	ValueList<TransactionReport7>	ProvisionallyRegistered
Transactions11	TransactionReport	TxRpt	1	*	ValueList<TransactionReport8>	ProvisionallyRegistered
Transactions7	TransactionReport	TxRpt	1	*	ValueList<TransactionReport4>	ProvisionallyRegistered
Transactions8	TransactionReport	TxRpt	1	*	ValueList<TransactionReport5>	ProvisionallyRegistered
Transactions9	TransactionReport	TxRpt	1	*	ValueList<TransactionReport6>	ProvisionallyRegistered
TransferCancellationRejectedStatus1	DataSourceScheme	DataSrcSchme	1	10	ValueList<GenericIdentification1>	ProvisionallyRegistered
TransferIn10	TransferAndReferences	TrfAndRefs	1	*	ValueList<TransferIn11>	ProvisionallyRegistered
TransferIn11	TransferDetails	TrfDtls	1	*	ValueList<Transfer21>	ProvisionallyRegistered
TransferIn12	TransferDetails	TrfDtls	1	*	ValueList<Transfer29>	ProvisionallyRegistered
TransferIn13	TransferAndReferences	TrfAndRefs	1	*	ValueList<TransferIn11>	ProvisionallyRegistered
TransferIn14	TransferDetails	TrfDtls	1	*	ValueList<Transfer33>	ProvisionallyRegistered
TransferIn15	TransferAndReferences	TrfAndRefs	1	*	ValueList<TransferIn16>	ProvisionallyRegistered
TransferIn16	TransferDetails	TrfDtls	1	*	ValueList<Transfer32>	ProvisionallyRegistered
TransferIn5	TransferDetails	TrfDtls	1	*	ValueList<Transfer16>	ProvisionallyRegistered
TransferIn6	TransferDetails	TrfDtls	1	*	ValueList<Transfer17>	ProvisionallyRegistered
TransferIn7	TransferDetails	TrfDtls	1	*	ValueList<Transfer22>	ProvisionallyRegistered
TransferIn8	TransferDetails	TrfDtls	1	*	ValueList<Transfer25>	ProvisionallyRegistered
TransferIn9	TransferDetails	TrfDtls	1	*	ValueList<Transfer29>	ProvisionallyRegistered
TransferOut10	TransferDetails	TrfDtls	1	*	ValueList<Transfer24>	ProvisionallyRegistered
TransferOut11	TransferAndReferences	TrfAndRefs	1	*	ValueList<TransferOut13>	ProvisionallyRegistered
TransferOut12	TransferDetails	TrfDtls	1	*	ValueList<Transfer28>	ProvisionallyRegistered
TransferOut13	TransferDetails	TrfDtls	1	*	ValueList<Transfer27>	ProvisionallyRegistered
TransferOut14	TransferDetails	TrfDtls	1	*	ValueList<Transfer28>	ProvisionallyRegistered
TransferOut15	TransferAndReferences	TrfAndRefs	1	*	ValueList<TransferOut13>	ProvisionallyRegistered
TransferOut16	TransferDetails	TrfDtls	1	*	ValueList<Transfer31>	ProvisionallyRegistered
TransferOut17	TransferAndReferences	TrfAndRefs	1	*	ValueList<TransferOut18>	ProvisionallyRegistered
TransferOut18	TransferDetails	TrfDtls	1	*	ValueList<Transfer30>	ProvisionallyRegistered
TransferOut7	TransferDetails	TrfDtls	1	*	ValueList<Transfer12>	ProvisionallyRegistered
TransferOut8	TransferDetails	TrfDtls	1	*	ValueList<Transfer14>	ProvisionallyRegistered
TransferOut9	TransferDetails	TrfDtls	1	*	ValueList<Transfer20>	ProvisionallyRegistered
TransferReference3	TransferReferences	TrfRefs	1	*	ValueList<TransferReference4>	ProvisionallyRegistered
TransferReference7	TransferReferences	TrfRefs	1	*	ValueList<TransferReference8>	ProvisionallyRegistered
TransportByAir3	DestinationAirport	DstnAirprt	1	*	ValueList<AirportName1Choice_>	ProvisionallyRegistered
TransportByAir5	DestinationAirport	DstnAirprt	1	*	ValueList<AirportName1Choice_>	ProvisionallyRegistered
TransportByRail3	PlaceOfDelivery	PlcOfDlvry	1	*	SimpleValueList<string>	ProvisionallyRegistered
TransportByRail5	PlaceOfDelivery	PlcOfDlvry	1	*	SimpleValueList<string>	ProvisionallyRegistered
TransportByRoad3	PlaceOfDelivery	PlcOfDlvry	1	*	SimpleValueList<string>	ProvisionallyRegistered
TransportByRoad5	PlaceOfDelivery	PlcOfDlvry	1	*	SimpleValueList<string>	ProvisionallyRegistered
TransportBySea3	PortOfDischarge	PortOfDschrge	1	*	SimpleValueList<string>	ProvisionallyRegistered
TransportBySea6	PortOfDischarge	PortOfDschrge	1	*	SimpleValueList<string>	ProvisionallyRegistered
TransportDetails2	TransportDocumentReference	TrnsprtDocRef	1	*	ValueList<DocumentIdentification7>	ProvisionallyRegistered
TransportDetails2	TransportedGoods	TrnsprtdGoods	1	*	ValueList<TransportedGoods1>	ProvisionallyRegistered
TransportDetails3	TransportDocumentReference	TrnsprtDocRef	1	*	ValueList<DocumentIdentification7>	ProvisionallyRegistered
TransportDetails3	TransportedGoods	TrnsprtdGoods	1	*	ValueList<TransportedGoods1>	ProvisionallyRegistered
TransportDetails4	TransportDocumentReference	TrnsprtDocRef	1	*	ValueList<DocumentIdentification7>	ProvisionallyRegistered
TransportDetails4	TransportedGoods	TrnsprtdGoods	1	*	ValueList<TransportedGoods1>	ProvisionallyRegistered
UnderlyingSecurityMovement1	AccountDetails	AcctDtls	1	2	ValueList<SecuritiesAccount8>	ProvisionallyRegistered
Undertaking1	Beneficiary	Bnfcry	1	*	ValueList<PartyIdentification43>	ProvisionallyRegistered
Undertaking3	Beneficiary	Bnfcry	1	*	ValueList<PartyIdentification43>	ProvisionallyRegistered
Undertaking3	UndertakingTermsAndConditions	UdrtkgTermsAndConds	1	*	ValueList<Narrative1>	ProvisionallyRegistered
Undertaking4	Applicant	Applcnt	1	*	ValueList<PartyIdentification43>	ProvisionallyRegistered
Undertaking4	Beneficiary	Bnfcry	1	*	ValueList<PartyIdentification43>	ProvisionallyRegistered
UnitPrice15	ValueInInvestmentCurrency	ValInInvstmtCcy	1	*	ValueList<PriceValue1>	ProvisionallyRegistered
UnitPrice24	ValueInInvestmentCurrency	ValInInvstmtCcy	1	*	ValueList<PriceValue1>	ProvisionallyRegistered
UnitPrice6	ValueInInvestmentCurrency	ValInInvstmtCcy	1	*	ValueList<PriceValue1>	ProvisionallyRegistered
UpdatedAdditionalInformation1	AdditionalInformation	AddtlInf	1	*	SimpleValueList<string>	ProvisionallyRegistered
UpdatedAdditionalInformation10	AdditionalInformation	AddtlInf	1	*	SimpleValueList<string>	ProvisionallyRegistered
UpdatedAdditionalInformation11	AdditionalInformation	AddtlInf	1	*	SimpleValueList<string>	ProvisionallyRegistered
UpdatedAdditionalInformation13	AdditionalInformation	AddtlInf	1	*	SimpleValueList<string>	ProvisionallyRegistered
UpdatedAdditionalInformation15	AdditionalInformation	AddtlInf	1	*	SimpleValueList<string>	ProvisionallyRegistered
UpdatedAdditionalInformation16	AdditionalInformation	AddtlInf	1	*	SimpleValueList<string>	ProvisionallyRegistered
UpdatedAdditionalInformation17	AdditionalInformation	AddtlInf	1	*	ValueList<IsoMax350Text>	ProvisionallyRegistered
UpdatedAdditionalInformation2	AdditionalInformation	AddtlInf	1	*	SimpleValueList<string>	ProvisionallyRegistered
UpdatedAdditionalInformation20	AdditionalInformation	AddtlInf	1	*	ValueList<IsoMax8000Text>	ProvisionallyRegistered
UpdatedAdditionalInformation21	AdditionalInformation	AddtlInf	1	*	ValueList<IsoMax350Text>	ProvisionallyRegistered
UpdatedAdditionalInformation23	AdditionalInformation	AddtlInf	1	*	ValueList<IsoRestrictedFINXMax350Text>	ProvisionallyRegistered
UpdatedAdditionalInformation25	AdditionalInformation	AddtlInf	1	*	ValueList<IsoRestrictedFINXMax350Text>	ProvisionallyRegistered
UpdatedAdditionalInformation26	AdditionalInformation	AddtlInf	1	*	ValueList<IsoRestrictedFINZMax8000Text>	ProvisionallyRegistered
UpdatedAdditionalInformation5	AdditionalInformation	AddtlInf	1	*	SimpleValueList<string>	ProvisionallyRegistered
UpdatedAdditionalInformation8	AdditionalInformation	AddtlInf	1	*	SimpleValueList<string>	ProvisionallyRegistered
ValuationDealingProcessingCharacteristics2	PriceCurrency	PricCcy	1	*	SimpleValueList<string>	ProvisionallyRegistered
ValuationsDetails2	ValuationDetailsAmount	ValtnDtlsAmt	1	*	ValueList<CollateralAmount9>	ProvisionallyRegistered
Value	AlternateCurrencyItem	AltrnCcyItm	1	*	ValueList<ActiveOrHistoricCurrencyAndAmount>	ProvisionallyRegistered
VariationMargin2	TotalVariationMargin	TtlVartnMrgn	1	*	ValueList<TotalVariationMargin1>	ProvisionallyRegistered
VariationMargin3	TotalVariationMargin	TtlVartnMrgn	1	*	ValueList<TotalVariationMargin1>	ProvisionallyRegistered
VolumeCapReport1	InstrumentReport	InstrmRpt	1	*	ValueList<VolumeCapReport2>	ProvisionallyRegistered
